--
-- PostgreSQL database dump
--

\restrict aEybaIUDXbmuU4Bj1mNZUXQBlCGUvs8inXukbehd94IrPTcPcQ1kOGgYjKtsxnd

-- Dumped from database version 17.6
-- Dumped by pg_dump version 18.2

-- Started on 2026-04-21 10:28:40

SET statement_timeout = 0;
SET lock_timeout = 0;
SET idle_in_transaction_session_timeout = 0;
SET transaction_timeout = 0;
SET client_encoding = 'UTF8';
SET standard_conforming_strings = on;
SELECT pg_catalog.set_config('search_path', '', false);
SET check_function_bodies = false;
SET xmloption = content;
SET client_min_messages = warning;
SET row_security = off;

--
-- TOC entry 37 (class 2615 OID 16498)
-- Name: auth; Type: SCHEMA; Schema: -; Owner: supabase_admin
--

CREATE SCHEMA auth;


ALTER SCHEMA auth OWNER TO supabase_admin;

--
-- TOC entry 23 (class 2615 OID 16392)
-- Name: extensions; Type: SCHEMA; Schema: -; Owner: postgres
--

CREATE SCHEMA extensions;


ALTER SCHEMA extensions OWNER TO postgres;

--
-- TOC entry 35 (class 2615 OID 16578)
-- Name: graphql; Type: SCHEMA; Schema: -; Owner: supabase_admin
--

CREATE SCHEMA graphql;


ALTER SCHEMA graphql OWNER TO supabase_admin;

--
-- TOC entry 34 (class 2615 OID 16567)
-- Name: graphql_public; Type: SCHEMA; Schema: -; Owner: supabase_admin
--

CREATE SCHEMA graphql_public;


ALTER SCHEMA graphql_public OWNER TO supabase_admin;

--
-- TOC entry 12 (class 2615 OID 16390)
-- Name: pgbouncer; Type: SCHEMA; Schema: -; Owner: pgbouncer
--

CREATE SCHEMA pgbouncer;


ALTER SCHEMA pgbouncer OWNER TO pgbouncer;

--
-- TOC entry 9 (class 2615 OID 16559)
-- Name: realtime; Type: SCHEMA; Schema: -; Owner: supabase_admin
--

CREATE SCHEMA realtime;


ALTER SCHEMA realtime OWNER TO supabase_admin;

--
-- TOC entry 38 (class 2615 OID 16546)
-- Name: storage; Type: SCHEMA; Schema: -; Owner: supabase_admin
--

CREATE SCHEMA storage;


ALTER SCHEMA storage OWNER TO supabase_admin;

--
-- TOC entry 32 (class 2615 OID 16607)
-- Name: vault; Type: SCHEMA; Schema: -; Owner: supabase_admin
--

CREATE SCHEMA vault;


ALTER SCHEMA vault OWNER TO supabase_admin;

--
-- TOC entry 6 (class 3079 OID 16643)
-- Name: pg_graphql; Type: EXTENSION; Schema: -; Owner: -
--

CREATE EXTENSION IF NOT EXISTS pg_graphql WITH SCHEMA graphql;


--
-- TOC entry 4337 (class 0 OID 0)
-- Dependencies: 6
-- Name: EXTENSION pg_graphql; Type: COMMENT; Schema: -; Owner: 
--

COMMENT ON EXTENSION pg_graphql IS 'pg_graphql: GraphQL support';


--
-- TOC entry 2 (class 3079 OID 16393)
-- Name: pg_stat_statements; Type: EXTENSION; Schema: -; Owner: -
--

CREATE EXTENSION IF NOT EXISTS pg_stat_statements WITH SCHEMA extensions;


--
-- TOC entry 4338 (class 0 OID 0)
-- Dependencies: 2
-- Name: EXTENSION pg_stat_statements; Type: COMMENT; Schema: -; Owner: 
--

COMMENT ON EXTENSION pg_stat_statements IS 'track planning and execution statistics of all SQL statements executed';


--
-- TOC entry 4 (class 3079 OID 16447)
-- Name: pgcrypto; Type: EXTENSION; Schema: -; Owner: -
--

CREATE EXTENSION IF NOT EXISTS pgcrypto WITH SCHEMA extensions;


--
-- TOC entry 4339 (class 0 OID 0)
-- Dependencies: 4
-- Name: EXTENSION pgcrypto; Type: COMMENT; Schema: -; Owner: 
--

COMMENT ON EXTENSION pgcrypto IS 'cryptographic functions';


--
-- TOC entry 5 (class 3079 OID 16608)
-- Name: supabase_vault; Type: EXTENSION; Schema: -; Owner: -
--

CREATE EXTENSION IF NOT EXISTS supabase_vault WITH SCHEMA vault;


--
-- TOC entry 4340 (class 0 OID 0)
-- Dependencies: 5
-- Name: EXTENSION supabase_vault; Type: COMMENT; Schema: -; Owner: 
--

COMMENT ON EXTENSION supabase_vault IS 'Supabase Vault Extension';


--
-- TOC entry 3 (class 3079 OID 16436)
-- Name: uuid-ossp; Type: EXTENSION; Schema: -; Owner: -
--

CREATE EXTENSION IF NOT EXISTS "uuid-ossp" WITH SCHEMA extensions;


--
-- TOC entry 4341 (class 0 OID 0)
-- Dependencies: 3
-- Name: EXTENSION "uuid-ossp"; Type: COMMENT; Schema: -; Owner: 
--

COMMENT ON EXTENSION "uuid-ossp" IS 'generate universally unique identifiers (UUIDs)';


--
-- TOC entry 1155 (class 1247 OID 16742)
-- Name: aal_level; Type: TYPE; Schema: auth; Owner: supabase_auth_admin
--

CREATE TYPE auth.aal_level AS ENUM (
    'aal1',
    'aal2',
    'aal3'
);


ALTER TYPE auth.aal_level OWNER TO supabase_auth_admin;

--
-- TOC entry 1179 (class 1247 OID 16883)
-- Name: code_challenge_method; Type: TYPE; Schema: auth; Owner: supabase_auth_admin
--

CREATE TYPE auth.code_challenge_method AS ENUM (
    's256',
    'plain'
);


ALTER TYPE auth.code_challenge_method OWNER TO supabase_auth_admin;

--
-- TOC entry 1152 (class 1247 OID 16736)
-- Name: factor_status; Type: TYPE; Schema: auth; Owner: supabase_auth_admin
--

CREATE TYPE auth.factor_status AS ENUM (
    'unverified',
    'verified'
);


ALTER TYPE auth.factor_status OWNER TO supabase_auth_admin;

--
-- TOC entry 1149 (class 1247 OID 16730)
-- Name: factor_type; Type: TYPE; Schema: auth; Owner: supabase_auth_admin
--

CREATE TYPE auth.factor_type AS ENUM (
    'totp',
    'webauthn',
    'phone'
);


ALTER TYPE auth.factor_type OWNER TO supabase_auth_admin;

--
-- TOC entry 1197 (class 1247 OID 16986)
-- Name: oauth_authorization_status; Type: TYPE; Schema: auth; Owner: supabase_auth_admin
--

CREATE TYPE auth.oauth_authorization_status AS ENUM (
    'pending',
    'approved',
    'denied',
    'expired'
);


ALTER TYPE auth.oauth_authorization_status OWNER TO supabase_auth_admin;

--
-- TOC entry 1209 (class 1247 OID 17059)
-- Name: oauth_client_type; Type: TYPE; Schema: auth; Owner: supabase_auth_admin
--

CREATE TYPE auth.oauth_client_type AS ENUM (
    'public',
    'confidential'
);


ALTER TYPE auth.oauth_client_type OWNER TO supabase_auth_admin;

--
-- TOC entry 1191 (class 1247 OID 16964)
-- Name: oauth_registration_type; Type: TYPE; Schema: auth; Owner: supabase_auth_admin
--

CREATE TYPE auth.oauth_registration_type AS ENUM (
    'dynamic',
    'manual'
);


ALTER TYPE auth.oauth_registration_type OWNER TO supabase_auth_admin;

--
-- TOC entry 1200 (class 1247 OID 16996)
-- Name: oauth_response_type; Type: TYPE; Schema: auth; Owner: supabase_auth_admin
--

CREATE TYPE auth.oauth_response_type AS ENUM (
    'code'
);


ALTER TYPE auth.oauth_response_type OWNER TO supabase_auth_admin;

--
-- TOC entry 1185 (class 1247 OID 16925)
-- Name: one_time_token_type; Type: TYPE; Schema: auth; Owner: supabase_auth_admin
--

CREATE TYPE auth.one_time_token_type AS ENUM (
    'confirmation_token',
    'reauthentication_token',
    'recovery_token',
    'email_change_token_new',
    'email_change_token_current',
    'phone_change_token'
);


ALTER TYPE auth.one_time_token_type OWNER TO supabase_auth_admin;

--
-- TOC entry 1236 (class 1247 OID 17218)
-- Name: action; Type: TYPE; Schema: realtime; Owner: supabase_admin
--

CREATE TYPE realtime.action AS ENUM (
    'INSERT',
    'UPDATE',
    'DELETE',
    'TRUNCATE',
    'ERROR'
);


ALTER TYPE realtime.action OWNER TO supabase_admin;

--
-- TOC entry 1227 (class 1247 OID 17178)
-- Name: equality_op; Type: TYPE; Schema: realtime; Owner: supabase_admin
--

CREATE TYPE realtime.equality_op AS ENUM (
    'eq',
    'neq',
    'lt',
    'lte',
    'gt',
    'gte',
    'in'
);


ALTER TYPE realtime.equality_op OWNER TO supabase_admin;

--
-- TOC entry 1230 (class 1247 OID 17193)
-- Name: user_defined_filter; Type: TYPE; Schema: realtime; Owner: supabase_admin
--

CREATE TYPE realtime.user_defined_filter AS (
	column_name text,
	op realtime.equality_op,
	value text
);


ALTER TYPE realtime.user_defined_filter OWNER TO supabase_admin;

--
-- TOC entry 1242 (class 1247 OID 17260)
-- Name: wal_column; Type: TYPE; Schema: realtime; Owner: supabase_admin
--

CREATE TYPE realtime.wal_column AS (
	name text,
	type_name text,
	type_oid oid,
	value jsonb,
	is_pkey boolean,
	is_selectable boolean
);


ALTER TYPE realtime.wal_column OWNER TO supabase_admin;

--
-- TOC entry 1239 (class 1247 OID 17231)
-- Name: wal_rls; Type: TYPE; Schema: realtime; Owner: supabase_admin
--

CREATE TYPE realtime.wal_rls AS (
	wal jsonb,
	is_rls_enabled boolean,
	subscription_ids uuid[],
	errors text[]
);


ALTER TYPE realtime.wal_rls OWNER TO supabase_admin;

--
-- TOC entry 1263 (class 1247 OID 17479)
-- Name: buckettype; Type: TYPE; Schema: storage; Owner: supabase_storage_admin
--

CREATE TYPE storage.buckettype AS ENUM (
    'STANDARD',
    'ANALYTICS',
    'VECTOR'
);


ALTER TYPE storage.buckettype OWNER TO supabase_storage_admin;

--
-- TOC entry 497 (class 1255 OID 16544)
-- Name: email(); Type: FUNCTION; Schema: auth; Owner: supabase_auth_admin
--

CREATE FUNCTION auth.email() RETURNS text
    LANGUAGE sql STABLE
    AS $$
  select 
  coalesce(
    nullif(current_setting('request.jwt.claim.email', true), ''),
    (nullif(current_setting('request.jwt.claims', true), '')::jsonb ->> 'email')
  )::text
$$;


ALTER FUNCTION auth.email() OWNER TO supabase_auth_admin;

--
-- TOC entry 4342 (class 0 OID 0)
-- Dependencies: 497
-- Name: FUNCTION email(); Type: COMMENT; Schema: auth; Owner: supabase_auth_admin
--

COMMENT ON FUNCTION auth.email() IS 'Deprecated. Use auth.jwt() -> ''email'' instead.';


--
-- TOC entry 486 (class 1255 OID 16712)
-- Name: jwt(); Type: FUNCTION; Schema: auth; Owner: supabase_auth_admin
--

CREATE FUNCTION auth.jwt() RETURNS jsonb
    LANGUAGE sql STABLE
    AS $$
  select 
    coalesce(
        nullif(current_setting('request.jwt.claim', true), ''),
        nullif(current_setting('request.jwt.claims', true), '')
    )::jsonb
$$;


ALTER FUNCTION auth.jwt() OWNER TO supabase_auth_admin;

--
-- TOC entry 496 (class 1255 OID 16543)
-- Name: role(); Type: FUNCTION; Schema: auth; Owner: supabase_auth_admin
--

CREATE FUNCTION auth.role() RETURNS text
    LANGUAGE sql STABLE
    AS $$
  select 
  coalesce(
    nullif(current_setting('request.jwt.claim.role', true), ''),
    (nullif(current_setting('request.jwt.claims', true), '')::jsonb ->> 'role')
  )::text
$$;


ALTER FUNCTION auth.role() OWNER TO supabase_auth_admin;

--
-- TOC entry 4345 (class 0 OID 0)
-- Dependencies: 496
-- Name: FUNCTION role(); Type: COMMENT; Schema: auth; Owner: supabase_auth_admin
--

COMMENT ON FUNCTION auth.role() IS 'Deprecated. Use auth.jwt() -> ''role'' instead.';


--
-- TOC entry 501 (class 1255 OID 16542)
-- Name: uid(); Type: FUNCTION; Schema: auth; Owner: supabase_auth_admin
--

CREATE FUNCTION auth.uid() RETURNS uuid
    LANGUAGE sql STABLE
    AS $$
  select 
  coalesce(
    nullif(current_setting('request.jwt.claim.sub', true), ''),
    (nullif(current_setting('request.jwt.claims', true), '')::jsonb ->> 'sub')
  )::uuid
$$;


ALTER FUNCTION auth.uid() OWNER TO supabase_auth_admin;

--
-- TOC entry 4347 (class 0 OID 0)
-- Dependencies: 501
-- Name: FUNCTION uid(); Type: COMMENT; Schema: auth; Owner: supabase_auth_admin
--

COMMENT ON FUNCTION auth.uid() IS 'Deprecated. Use auth.jwt() -> ''sub'' instead.';


--
-- TOC entry 494 (class 1255 OID 16551)
-- Name: grant_pg_cron_access(); Type: FUNCTION; Schema: extensions; Owner: supabase_admin
--

CREATE FUNCTION extensions.grant_pg_cron_access() RETURNS event_trigger
    LANGUAGE plpgsql
    AS $$
BEGIN
  IF EXISTS (
    SELECT
    FROM pg_event_trigger_ddl_commands() AS ev
    JOIN pg_extension AS ext
    ON ev.objid = ext.oid
    WHERE ext.extname = 'pg_cron'
  )
  THEN
    grant usage on schema cron to postgres with grant option;

    alter default privileges in schema cron grant all on tables to postgres with grant option;
    alter default privileges in schema cron grant all on functions to postgres with grant option;
    alter default privileges in schema cron grant all on sequences to postgres with grant option;

    alter default privileges for user supabase_admin in schema cron grant all
        on sequences to postgres with grant option;
    alter default privileges for user supabase_admin in schema cron grant all
        on tables to postgres with grant option;
    alter default privileges for user supabase_admin in schema cron grant all
        on functions to postgres with grant option;

    grant all privileges on all tables in schema cron to postgres with grant option;
    revoke all on table cron.job from postgres;
    grant select on table cron.job to postgres with grant option;
  END IF;
END;
$$;


ALTER FUNCTION extensions.grant_pg_cron_access() OWNER TO supabase_admin;

--
-- TOC entry 4363 (class 0 OID 0)
-- Dependencies: 494
-- Name: FUNCTION grant_pg_cron_access(); Type: COMMENT; Schema: extensions; Owner: supabase_admin
--

COMMENT ON FUNCTION extensions.grant_pg_cron_access() IS 'Grants access to pg_cron';


--
-- TOC entry 441 (class 1255 OID 16572)
-- Name: grant_pg_graphql_access(); Type: FUNCTION; Schema: extensions; Owner: supabase_admin
--

CREATE FUNCTION extensions.grant_pg_graphql_access() RETURNS event_trigger
    LANGUAGE plpgsql
    AS $_$
DECLARE
    func_is_graphql_resolve bool;
BEGIN
    func_is_graphql_resolve = (
        SELECT n.proname = 'resolve'
        FROM pg_event_trigger_ddl_commands() AS ev
        LEFT JOIN pg_catalog.pg_proc AS n
        ON ev.objid = n.oid
    );

    IF func_is_graphql_resolve
    THEN
        -- Update public wrapper to pass all arguments through to the pg_graphql resolve func
        DROP FUNCTION IF EXISTS graphql_public.graphql;
        create or replace function graphql_public.graphql(
            "operationName" text default null,
            query text default null,
            variables jsonb default null,
            extensions jsonb default null
        )
            returns jsonb
            language sql
        as $$
            select graphql.resolve(
                query := query,
                variables := coalesce(variables, '{}'),
                "operationName" := "operationName",
                extensions := extensions
            );
        $$;

        -- This hook executes when `graphql.resolve` is created. That is not necessarily the last
        -- function in the extension so we need to grant permissions on existing entities AND
        -- update default permissions to any others that are created after `graphql.resolve`
        grant usage on schema graphql to postgres, anon, authenticated, service_role;
        grant select on all tables in schema graphql to postgres, anon, authenticated, service_role;
        grant execute on all functions in schema graphql to postgres, anon, authenticated, service_role;
        grant all on all sequences in schema graphql to postgres, anon, authenticated, service_role;
        alter default privileges in schema graphql grant all on tables to postgres, anon, authenticated, service_role;
        alter default privileges in schema graphql grant all on functions to postgres, anon, authenticated, service_role;
        alter default privileges in schema graphql grant all on sequences to postgres, anon, authenticated, service_role;

        -- Allow postgres role to allow granting usage on graphql and graphql_public schemas to custom roles
        grant usage on schema graphql_public to postgres with grant option;
        grant usage on schema graphql to postgres with grant option;
    END IF;

END;
$_$;


ALTER FUNCTION extensions.grant_pg_graphql_access() OWNER TO supabase_admin;

--
-- TOC entry 4365 (class 0 OID 0)
-- Dependencies: 441
-- Name: FUNCTION grant_pg_graphql_access(); Type: COMMENT; Schema: extensions; Owner: supabase_admin
--

COMMENT ON FUNCTION extensions.grant_pg_graphql_access() IS 'Grants access to pg_graphql';


--
-- TOC entry 420 (class 1255 OID 16553)
-- Name: grant_pg_net_access(); Type: FUNCTION; Schema: extensions; Owner: supabase_admin
--

CREATE FUNCTION extensions.grant_pg_net_access() RETURNS event_trigger
    LANGUAGE plpgsql
    AS $$
BEGIN
  IF EXISTS (
    SELECT 1
    FROM pg_event_trigger_ddl_commands() AS ev
    JOIN pg_extension AS ext
    ON ev.objid = ext.oid
    WHERE ext.extname = 'pg_net'
  )
  THEN
    IF NOT EXISTS (
      SELECT 1
      FROM pg_roles
      WHERE rolname = 'supabase_functions_admin'
    )
    THEN
      CREATE USER supabase_functions_admin NOINHERIT CREATEROLE LOGIN NOREPLICATION;
    END IF;

    GRANT USAGE ON SCHEMA net TO supabase_functions_admin, postgres, anon, authenticated, service_role;

    IF EXISTS (
      SELECT FROM pg_extension
      WHERE extname = 'pg_net'
      -- all versions in use on existing projects as of 2025-02-20
      -- version 0.12.0 onwards don't need these applied
      AND extversion IN ('0.2', '0.6', '0.7', '0.7.1', '0.8', '0.10.0', '0.11.0')
    ) THEN
      ALTER function net.http_get(url text, params jsonb, headers jsonb, timeout_milliseconds integer) SECURITY DEFINER;
      ALTER function net.http_post(url text, body jsonb, params jsonb, headers jsonb, timeout_milliseconds integer) SECURITY DEFINER;

      ALTER function net.http_get(url text, params jsonb, headers jsonb, timeout_milliseconds integer) SET search_path = net;
      ALTER function net.http_post(url text, body jsonb, params jsonb, headers jsonb, timeout_milliseconds integer) SET search_path = net;

      REVOKE ALL ON FUNCTION net.http_get(url text, params jsonb, headers jsonb, timeout_milliseconds integer) FROM PUBLIC;
      REVOKE ALL ON FUNCTION net.http_post(url text, body jsonb, params jsonb, headers jsonb, timeout_milliseconds integer) FROM PUBLIC;

      GRANT EXECUTE ON FUNCTION net.http_get(url text, params jsonb, headers jsonb, timeout_milliseconds integer) TO supabase_functions_admin, postgres, anon, authenticated, service_role;
      GRANT EXECUTE ON FUNCTION net.http_post(url text, body jsonb, params jsonb, headers jsonb, timeout_milliseconds integer) TO supabase_functions_admin, postgres, anon, authenticated, service_role;
    END IF;
  END IF;
END;
$$;


ALTER FUNCTION extensions.grant_pg_net_access() OWNER TO supabase_admin;

--
-- TOC entry 4367 (class 0 OID 0)
-- Dependencies: 420
-- Name: FUNCTION grant_pg_net_access(); Type: COMMENT; Schema: extensions; Owner: supabase_admin
--

COMMENT ON FUNCTION extensions.grant_pg_net_access() IS 'Grants access to pg_net';


--
-- TOC entry 395 (class 1255 OID 16563)
-- Name: pgrst_ddl_watch(); Type: FUNCTION; Schema: extensions; Owner: supabase_admin
--

CREATE FUNCTION extensions.pgrst_ddl_watch() RETURNS event_trigger
    LANGUAGE plpgsql
    AS $$
DECLARE
  cmd record;
BEGIN
  FOR cmd IN SELECT * FROM pg_event_trigger_ddl_commands()
  LOOP
    IF cmd.command_tag IN (
      'CREATE SCHEMA', 'ALTER SCHEMA'
    , 'CREATE TABLE', 'CREATE TABLE AS', 'SELECT INTO', 'ALTER TABLE'
    , 'CREATE FOREIGN TABLE', 'ALTER FOREIGN TABLE'
    , 'CREATE VIEW', 'ALTER VIEW'
    , 'CREATE MATERIALIZED VIEW', 'ALTER MATERIALIZED VIEW'
    , 'CREATE FUNCTION', 'ALTER FUNCTION'
    , 'CREATE TRIGGER'
    , 'CREATE TYPE', 'ALTER TYPE'
    , 'CREATE RULE'
    , 'COMMENT'
    )
    -- don't notify in case of CREATE TEMP table or other objects created on pg_temp
    AND cmd.schema_name is distinct from 'pg_temp'
    THEN
      NOTIFY pgrst, 'reload schema';
    END IF;
  END LOOP;
END; $$;


ALTER FUNCTION extensions.pgrst_ddl_watch() OWNER TO supabase_admin;

--
-- TOC entry 402 (class 1255 OID 16564)
-- Name: pgrst_drop_watch(); Type: FUNCTION; Schema: extensions; Owner: supabase_admin
--

CREATE FUNCTION extensions.pgrst_drop_watch() RETURNS event_trigger
    LANGUAGE plpgsql
    AS $$
DECLARE
  obj record;
BEGIN
  FOR obj IN SELECT * FROM pg_event_trigger_dropped_objects()
  LOOP
    IF obj.object_type IN (
      'schema'
    , 'table'
    , 'foreign table'
    , 'view'
    , 'materialized view'
    , 'function'
    , 'trigger'
    , 'type'
    , 'rule'
    )
    AND obj.is_temporary IS false -- no pg_temp objects
    THEN
      NOTIFY pgrst, 'reload schema';
    END IF;
  END LOOP;
END; $$;


ALTER FUNCTION extensions.pgrst_drop_watch() OWNER TO supabase_admin;

--
-- TOC entry 435 (class 1255 OID 16574)
-- Name: set_graphql_placeholder(); Type: FUNCTION; Schema: extensions; Owner: supabase_admin
--

CREATE FUNCTION extensions.set_graphql_placeholder() RETURNS event_trigger
    LANGUAGE plpgsql
    AS $_$
    DECLARE
    graphql_is_dropped bool;
    BEGIN
    graphql_is_dropped = (
        SELECT ev.schema_name = 'graphql_public'
        FROM pg_event_trigger_dropped_objects() AS ev
        WHERE ev.schema_name = 'graphql_public'
    );

    IF graphql_is_dropped
    THEN
        create or replace function graphql_public.graphql(
            "operationName" text default null,
            query text default null,
            variables jsonb default null,
            extensions jsonb default null
        )
            returns jsonb
            language plpgsql
        as $$
            DECLARE
                server_version float;
            BEGIN
                server_version = (SELECT (SPLIT_PART((select version()), ' ', 2))::float);

                IF server_version >= 14 THEN
                    RETURN jsonb_build_object(
                        'errors', jsonb_build_array(
                            jsonb_build_object(
                                'message', 'pg_graphql extension is not enabled.'
                            )
                        )
                    );
                ELSE
                    RETURN jsonb_build_object(
                        'errors', jsonb_build_array(
                            jsonb_build_object(
                                'message', 'pg_graphql is only available on projects running Postgres 14 onwards.'
                            )
                        )
                    );
                END IF;
            END;
        $$;
    END IF;

    END;
$_$;


ALTER FUNCTION extensions.set_graphql_placeholder() OWNER TO supabase_admin;

--
-- TOC entry 4396 (class 0 OID 0)
-- Dependencies: 435
-- Name: FUNCTION set_graphql_placeholder(); Type: COMMENT; Schema: extensions; Owner: supabase_admin
--

COMMENT ON FUNCTION extensions.set_graphql_placeholder() IS 'Reintroduces placeholder function for graphql_public.graphql';


--
-- TOC entry 404 (class 1255 OID 16391)
-- Name: get_auth(text); Type: FUNCTION; Schema: pgbouncer; Owner: supabase_admin
--

CREATE FUNCTION pgbouncer.get_auth(p_usename text) RETURNS TABLE(username text, password text)
    LANGUAGE plpgsql SECURITY DEFINER
    SET search_path TO ''
    AS $_$
  BEGIN
      RAISE DEBUG 'PgBouncer auth request: %', p_usename;

      RETURN QUERY
      SELECT
          rolname::text,
          CASE WHEN rolvaliduntil < now()
              THEN null
              ELSE rolpassword::text
          END
      FROM pg_authid
      WHERE rolname=$1 and rolcanlogin;
  END;
  $_$;


ALTER FUNCTION pgbouncer.get_auth(p_usename text) OWNER TO supabase_admin;

--
-- TOC entry 438 (class 1255 OID 17603)
-- Name: handle_new_user(); Type: FUNCTION; Schema: public; Owner: postgres
--

CREATE FUNCTION public.handle_new_user() RETURNS trigger
    LANGUAGE plpgsql SECURITY DEFINER
    AS $$
BEGIN
  INSERT INTO public.profiles (id, full_name, role)
  VALUES (
    new.id, 
    COALESCE(new.raw_user_meta_data->>'full_name', 'New User'), 
    COALESCE(new.raw_user_meta_data->>'role', 'customer')
  );
  RETURN new;
END;
$$;


ALTER FUNCTION public.handle_new_user() OWNER TO postgres;

--
-- TOC entry 412 (class 1255 OID 17969)
-- Name: is_admin(); Type: FUNCTION; Schema: public; Owner: postgres
--

CREATE FUNCTION public.is_admin() RETURNS boolean
    LANGUAGE plpgsql SECURITY DEFINER
    AS $$
BEGIN
  RETURN EXISTS (
    SELECT 1 FROM public.profiles 
    WHERE id = auth.uid() AND role = 'admin'
  );
END;
$$;


ALTER FUNCTION public.is_admin() OWNER TO postgres;

--
-- TOC entry 450 (class 1255 OID 17170)
-- Name: rls_auto_enable(); Type: FUNCTION; Schema: public; Owner: postgres
--

CREATE FUNCTION public.rls_auto_enable() RETURNS event_trigger
    LANGUAGE plpgsql SECURITY DEFINER
    SET search_path TO 'pg_catalog'
    AS $$
DECLARE
  cmd record;
BEGIN
  FOR cmd IN
    SELECT *
    FROM pg_event_trigger_ddl_commands()
    WHERE command_tag IN ('CREATE TABLE', 'CREATE TABLE AS', 'SELECT INTO')
      AND object_type IN ('table','partitioned table')
  LOOP
     IF cmd.schema_name IS NOT NULL AND cmd.schema_name IN ('public') AND cmd.schema_name NOT IN ('pg_catalog','information_schema') AND cmd.schema_name NOT LIKE 'pg_toast%' AND cmd.schema_name NOT LIKE 'pg_temp%' THEN
      BEGIN
        EXECUTE format('alter table if exists %s enable row level security', cmd.object_identity);
        RAISE LOG 'rls_auto_enable: enabled RLS on %', cmd.object_identity;
      EXCEPTION
        WHEN OTHERS THEN
          RAISE LOG 'rls_auto_enable: failed to enable RLS on %', cmd.object_identity;
      END;
     ELSE
        RAISE LOG 'rls_auto_enable: skip % (either system schema or not in enforced list: %.)', cmd.object_identity, cmd.schema_name;
     END IF;
  END LOOP;
END;
$$;


ALTER FUNCTION public.rls_auto_enable() OWNER TO postgres;

--
-- TOC entry 429 (class 1255 OID 17253)
-- Name: apply_rls(jsonb, integer); Type: FUNCTION; Schema: realtime; Owner: supabase_admin
--

CREATE FUNCTION realtime.apply_rls(wal jsonb, max_record_bytes integer DEFAULT (1024 * 1024)) RETURNS SETOF realtime.wal_rls
    LANGUAGE plpgsql
    AS $$
declare
-- Regclass of the table e.g. public.notes
entity_ regclass = (quote_ident(wal ->> 'schema') || '.' || quote_ident(wal ->> 'table'))::regclass;

-- I, U, D, T: insert, update ...
action realtime.action = (
    case wal ->> 'action'
        when 'I' then 'INSERT'
        when 'U' then 'UPDATE'
        when 'D' then 'DELETE'
        else 'ERROR'
    end
);

-- Is row level security enabled for the table
is_rls_enabled bool = relrowsecurity from pg_class where oid = entity_;

subscriptions realtime.subscription[] = array_agg(subs)
    from
        realtime.subscription subs
    where
        subs.entity = entity_
        -- Filter by action early - only get subscriptions interested in this action
        -- action_filter column can be: '*' (all), 'INSERT', 'UPDATE', or 'DELETE'
        and (subs.action_filter = '*' or subs.action_filter = action::text);

-- Subscription vars
roles regrole[] = array_agg(distinct us.claims_role::text)
    from
        unnest(subscriptions) us;

working_role regrole;
claimed_role regrole;
claims jsonb;

subscription_id uuid;
subscription_has_access bool;
visible_to_subscription_ids uuid[] = '{}';

-- structured info for wal's columns
columns realtime.wal_column[];
-- previous identity values for update/delete
old_columns realtime.wal_column[];

error_record_exceeds_max_size boolean = octet_length(wal::text) > max_record_bytes;

-- Primary jsonb output for record
output jsonb;

begin
perform set_config('role', null, true);

columns =
    array_agg(
        (
            x->>'name',
            x->>'type',
            x->>'typeoid',
            realtime.cast(
                (x->'value') #>> '{}',
                coalesce(
                    (x->>'typeoid')::regtype, -- null when wal2json version <= 2.4
                    (x->>'type')::regtype
                )
            ),
            (pks ->> 'name') is not null,
            true
        )::realtime.wal_column
    )
    from
        jsonb_array_elements(wal -> 'columns') x
        left join jsonb_array_elements(wal -> 'pk') pks
            on (x ->> 'name') = (pks ->> 'name');

old_columns =
    array_agg(
        (
            x->>'name',
            x->>'type',
            x->>'typeoid',
            realtime.cast(
                (x->'value') #>> '{}',
                coalesce(
                    (x->>'typeoid')::regtype, -- null when wal2json version <= 2.4
                    (x->>'type')::regtype
                )
            ),
            (pks ->> 'name') is not null,
            true
        )::realtime.wal_column
    )
    from
        jsonb_array_elements(wal -> 'identity') x
        left join jsonb_array_elements(wal -> 'pk') pks
            on (x ->> 'name') = (pks ->> 'name');

for working_role in select * from unnest(roles) loop

    -- Update `is_selectable` for columns and old_columns
    columns =
        array_agg(
            (
                c.name,
                c.type_name,
                c.type_oid,
                c.value,
                c.is_pkey,
                pg_catalog.has_column_privilege(working_role, entity_, c.name, 'SELECT')
            )::realtime.wal_column
        )
        from
            unnest(columns) c;

    old_columns =
            array_agg(
                (
                    c.name,
                    c.type_name,
                    c.type_oid,
                    c.value,
                    c.is_pkey,
                    pg_catalog.has_column_privilege(working_role, entity_, c.name, 'SELECT')
                )::realtime.wal_column
            )
            from
                unnest(old_columns) c;

    if action <> 'DELETE' and count(1) = 0 from unnest(columns) c where c.is_pkey then
        return next (
            jsonb_build_object(
                'schema', wal ->> 'schema',
                'table', wal ->> 'table',
                'type', action
            ),
            is_rls_enabled,
            -- subscriptions is already filtered by entity
            (select array_agg(s.subscription_id) from unnest(subscriptions) as s where claims_role = working_role),
            array['Error 400: Bad Request, no primary key']
        )::realtime.wal_rls;

    -- The claims role does not have SELECT permission to the primary key of entity
    elsif action <> 'DELETE' and sum(c.is_selectable::int) <> count(1) from unnest(columns) c where c.is_pkey then
        return next (
            jsonb_build_object(
                'schema', wal ->> 'schema',
                'table', wal ->> 'table',
                'type', action
            ),
            is_rls_enabled,
            (select array_agg(s.subscription_id) from unnest(subscriptions) as s where claims_role = working_role),
            array['Error 401: Unauthorized']
        )::realtime.wal_rls;

    else
        output = jsonb_build_object(
            'schema', wal ->> 'schema',
            'table', wal ->> 'table',
            'type', action,
            'commit_timestamp', to_char(
                ((wal ->> 'timestamp')::timestamptz at time zone 'utc'),
                'YYYY-MM-DD"T"HH24:MI:SS.MS"Z"'
            ),
            'columns', (
                select
                    jsonb_agg(
                        jsonb_build_object(
                            'name', pa.attname,
                            'type', pt.typname
                        )
                        order by pa.attnum asc
                    )
                from
                    pg_attribute pa
                    join pg_type pt
                        on pa.atttypid = pt.oid
                where
                    attrelid = entity_
                    and attnum > 0
                    and pg_catalog.has_column_privilege(working_role, entity_, pa.attname, 'SELECT')
            )
        )
        -- Add "record" key for insert and update
        || case
            when action in ('INSERT', 'UPDATE') then
                jsonb_build_object(
                    'record',
                    (
                        select
                            jsonb_object_agg(
                                -- if unchanged toast, get column name and value from old record
                                coalesce((c).name, (oc).name),
                                case
                                    when (c).name is null then (oc).value
                                    else (c).value
                                end
                            )
                        from
                            unnest(columns) c
                            full outer join unnest(old_columns) oc
                                on (c).name = (oc).name
                        where
                            coalesce((c).is_selectable, (oc).is_selectable)
                            and ( not error_record_exceeds_max_size or (octet_length((c).value::text) <= 64))
                    )
                )
            else '{}'::jsonb
        end
        -- Add "old_record" key for update and delete
        || case
            when action = 'UPDATE' then
                jsonb_build_object(
                        'old_record',
                        (
                            select jsonb_object_agg((c).name, (c).value)
                            from unnest(old_columns) c
                            where
                                (c).is_selectable
                                and ( not error_record_exceeds_max_size or (octet_length((c).value::text) <= 64))
                        )
                    )
            when action = 'DELETE' then
                jsonb_build_object(
                    'old_record',
                    (
                        select jsonb_object_agg((c).name, (c).value)
                        from unnest(old_columns) c
                        where
                            (c).is_selectable
                            and ( not error_record_exceeds_max_size or (octet_length((c).value::text) <= 64))
                            and ( not is_rls_enabled or (c).is_pkey ) -- if RLS enabled, we can't secure deletes so filter to pkey
                    )
                )
            else '{}'::jsonb
        end;

        -- Create the prepared statement
        if is_rls_enabled and action <> 'DELETE' then
            if (select 1 from pg_prepared_statements where name = 'walrus_rls_stmt' limit 1) > 0 then
                deallocate walrus_rls_stmt;
            end if;
            execute realtime.build_prepared_statement_sql('walrus_rls_stmt', entity_, columns);
        end if;

        visible_to_subscription_ids = '{}';

        for subscription_id, claims in (
                select
                    subs.subscription_id,
                    subs.claims
                from
                    unnest(subscriptions) subs
                where
                    subs.entity = entity_
                    and subs.claims_role = working_role
                    and (
                        realtime.is_visible_through_filters(columns, subs.filters)
                        or (
                          action = 'DELETE'
                          and realtime.is_visible_through_filters(old_columns, subs.filters)
                        )
                    )
        ) loop

            if not is_rls_enabled or action = 'DELETE' then
                visible_to_subscription_ids = visible_to_subscription_ids || subscription_id;
            else
                -- Check if RLS allows the role to see the record
                perform
                    -- Trim leading and trailing quotes from working_role because set_config
                    -- doesn't recognize the role as valid if they are included
                    set_config('role', trim(both '"' from working_role::text), true),
                    set_config('request.jwt.claims', claims::text, true);

                execute 'execute walrus_rls_stmt' into subscription_has_access;

                if subscription_has_access then
                    visible_to_subscription_ids = visible_to_subscription_ids || subscription_id;
                end if;
            end if;
        end loop;

        perform set_config('role', null, true);

        return next (
            output,
            is_rls_enabled,
            visible_to_subscription_ids,
            case
                when error_record_exceeds_max_size then array['Error 413: Payload Too Large']
                else '{}'
            end
        )::realtime.wal_rls;

    end if;
end loop;

perform set_config('role', null, true);
end;
$$;


ALTER FUNCTION realtime.apply_rls(wal jsonb, max_record_bytes integer) OWNER TO supabase_admin;

--
-- TOC entry 449 (class 1255 OID 17332)
-- Name: broadcast_changes(text, text, text, text, text, record, record, text); Type: FUNCTION; Schema: realtime; Owner: supabase_admin
--

CREATE FUNCTION realtime.broadcast_changes(topic_name text, event_name text, operation text, table_name text, table_schema text, new record, old record, level text DEFAULT 'ROW'::text) RETURNS void
    LANGUAGE plpgsql
    AS $$
DECLARE
    -- Declare a variable to hold the JSONB representation of the row
    row_data jsonb := '{}'::jsonb;
BEGIN
    IF level = 'STATEMENT' THEN
        RAISE EXCEPTION 'function can only be triggered for each row, not for each statement';
    END IF;
    -- Check the operation type and handle accordingly
    IF operation = 'INSERT' OR operation = 'UPDATE' OR operation = 'DELETE' THEN
        row_data := jsonb_build_object('old_record', OLD, 'record', NEW, 'operation', operation, 'table', table_name, 'schema', table_schema);
        PERFORM realtime.send (row_data, event_name, topic_name);
    ELSE
        RAISE EXCEPTION 'Unexpected operation type: %', operation;
    END IF;
EXCEPTION
    WHEN OTHERS THEN
        RAISE EXCEPTION 'Failed to process the row: %', SQLERRM;
END;

$$;


ALTER FUNCTION realtime.broadcast_changes(topic_name text, event_name text, operation text, table_name text, table_schema text, new record, old record, level text) OWNER TO supabase_admin;

--
-- TOC entry 479 (class 1255 OID 17265)
-- Name: build_prepared_statement_sql(text, regclass, realtime.wal_column[]); Type: FUNCTION; Schema: realtime; Owner: supabase_admin
--

CREATE FUNCTION realtime.build_prepared_statement_sql(prepared_statement_name text, entity regclass, columns realtime.wal_column[]) RETURNS text
    LANGUAGE sql
    AS $$
      /*
      Builds a sql string that, if executed, creates a prepared statement to
      tests retrive a row from *entity* by its primary key columns.
      Example
          select realtime.build_prepared_statement_sql('public.notes', '{"id"}'::text[], '{"bigint"}'::text[])
      */
          select
      'prepare ' || prepared_statement_name || ' as
          select
              exists(
                  select
                      1
                  from
                      ' || entity || '
                  where
                      ' || string_agg(quote_ident(pkc.name) || '=' || quote_nullable(pkc.value #>> '{}') , ' and ') || '
              )'
          from
              unnest(columns) pkc
          where
              pkc.is_pkey
          group by
              entity
      $$;


ALTER FUNCTION realtime.build_prepared_statement_sql(prepared_statement_name text, entity regclass, columns realtime.wal_column[]) OWNER TO supabase_admin;

--
-- TOC entry 405 (class 1255 OID 17215)
-- Name: cast(text, regtype); Type: FUNCTION; Schema: realtime; Owner: supabase_admin
--

CREATE FUNCTION realtime."cast"(val text, type_ regtype) RETURNS jsonb
    LANGUAGE plpgsql IMMUTABLE
    AS $$
declare
  res jsonb;
begin
  if type_::text = 'bytea' then
    return to_jsonb(val);
  end if;
  execute format('select to_jsonb(%L::'|| type_::text || ')', val) into res;
  return res;
end
$$;


ALTER FUNCTION realtime."cast"(val text, type_ regtype) OWNER TO supabase_admin;

--
-- TOC entry 468 (class 1255 OID 17210)
-- Name: check_equality_op(realtime.equality_op, regtype, text, text); Type: FUNCTION; Schema: realtime; Owner: supabase_admin
--

CREATE FUNCTION realtime.check_equality_op(op realtime.equality_op, type_ regtype, val_1 text, val_2 text) RETURNS boolean
    LANGUAGE plpgsql IMMUTABLE
    AS $$
      /*
      Casts *val_1* and *val_2* as type *type_* and check the *op* condition for truthiness
      */
      declare
          op_symbol text = (
              case
                  when op = 'eq' then '='
                  when op = 'neq' then '!='
                  when op = 'lt' then '<'
                  when op = 'lte' then '<='
                  when op = 'gt' then '>'
                  when op = 'gte' then '>='
                  when op = 'in' then '= any'
                  else 'UNKNOWN OP'
              end
          );
          res boolean;
      begin
          execute format(
              'select %L::'|| type_::text || ' ' || op_symbol
              || ' ( %L::'
              || (
                  case
                      when op = 'in' then type_::text || '[]'
                      else type_::text end
              )
              || ')', val_1, val_2) into res;
          return res;
      end;
      $$;


ALTER FUNCTION realtime.check_equality_op(op realtime.equality_op, type_ regtype, val_1 text, val_2 text) OWNER TO supabase_admin;

--
-- TOC entry 393 (class 1255 OID 17261)
-- Name: is_visible_through_filters(realtime.wal_column[], realtime.user_defined_filter[]); Type: FUNCTION; Schema: realtime; Owner: supabase_admin
--

CREATE FUNCTION realtime.is_visible_through_filters(columns realtime.wal_column[], filters realtime.user_defined_filter[]) RETURNS boolean
    LANGUAGE sql IMMUTABLE
    AS $_$
    /*
    Should the record be visible (true) or filtered out (false) after *filters* are applied
    */
        select
            -- Default to allowed when no filters present
            $2 is null -- no filters. this should not happen because subscriptions has a default
            or array_length($2, 1) is null -- array length of an empty array is null
            or bool_and(
                coalesce(
                    realtime.check_equality_op(
                        op:=f.op,
                        type_:=coalesce(
                            col.type_oid::regtype, -- null when wal2json version <= 2.4
                            col.type_name::regtype
                        ),
                        -- cast jsonb to text
                        val_1:=col.value #>> '{}',
                        val_2:=f.value
                    ),
                    false -- if null, filter does not match
                )
            )
        from
            unnest(filters) f
            join unnest(columns) col
                on f.column_name = col.name;
    $_$;


ALTER FUNCTION realtime.is_visible_through_filters(columns realtime.wal_column[], filters realtime.user_defined_filter[]) OWNER TO supabase_admin;

--
-- TOC entry 483 (class 1255 OID 17356)
-- Name: list_changes(name, name, integer, integer); Type: FUNCTION; Schema: realtime; Owner: supabase_admin
--

CREATE FUNCTION realtime.list_changes(publication name, slot_name name, max_changes integer, max_record_bytes integer) RETURNS TABLE(wal jsonb, is_rls_enabled boolean, subscription_ids uuid[], errors text[], slot_changes_count bigint)
    LANGUAGE sql
    SET log_min_messages TO 'fatal'
    AS $$
  WITH pub AS (
    SELECT
      concat_ws(
        ',',
        CASE WHEN bool_or(pubinsert) THEN 'insert' ELSE NULL END,
        CASE WHEN bool_or(pubupdate) THEN 'update' ELSE NULL END,
        CASE WHEN bool_or(pubdelete) THEN 'delete' ELSE NULL END
      ) AS w2j_actions,
      coalesce(
        string_agg(
          realtime.quote_wal2json(format('%I.%I', schemaname, tablename)::regclass),
          ','
        ) filter (WHERE ppt.tablename IS NOT NULL AND ppt.tablename NOT LIKE '% %'),
        ''
      ) AS w2j_add_tables
    FROM pg_publication pp
    LEFT JOIN pg_publication_tables ppt ON pp.pubname = ppt.pubname
    WHERE pp.pubname = publication
    GROUP BY pp.pubname
    LIMIT 1
  ),
  -- MATERIALIZED ensures pg_logical_slot_get_changes is called exactly once
  w2j AS MATERIALIZED (
    SELECT x.*, pub.w2j_add_tables
    FROM pub,
         pg_logical_slot_get_changes(
           slot_name, null, max_changes,
           'include-pk', 'true',
           'include-transaction', 'false',
           'include-timestamp', 'true',
           'include-type-oids', 'true',
           'format-version', '2',
           'actions', pub.w2j_actions,
           'add-tables', pub.w2j_add_tables
         ) x
  ),
  -- Count raw slot entries before apply_rls/subscription filter
  slot_count AS (
    SELECT count(*)::bigint AS cnt
    FROM w2j
    WHERE w2j.w2j_add_tables <> ''
  ),
  -- Apply RLS and filter as before
  rls_filtered AS (
    SELECT xyz.wal, xyz.is_rls_enabled, xyz.subscription_ids, xyz.errors
    FROM w2j,
         realtime.apply_rls(
           wal := w2j.data::jsonb,
           max_record_bytes := max_record_bytes
         ) xyz(wal, is_rls_enabled, subscription_ids, errors)
    WHERE w2j.w2j_add_tables <> ''
      AND xyz.subscription_ids[1] IS NOT NULL
  )
  -- Real rows with slot count attached
  SELECT rf.wal, rf.is_rls_enabled, rf.subscription_ids, rf.errors, sc.cnt
  FROM rls_filtered rf, slot_count sc

  UNION ALL

  -- Sentinel row: always returned when no real rows exist so Elixir can
  -- always read slot_changes_count. Identified by wal IS NULL.
  SELECT null, null, null, null, sc.cnt
  FROM slot_count sc
  WHERE NOT EXISTS (SELECT 1 FROM rls_filtered)
$$;


ALTER FUNCTION realtime.list_changes(publication name, slot_name name, max_changes integer, max_record_bytes integer) OWNER TO supabase_admin;

--
-- TOC entry 443 (class 1255 OID 17209)
-- Name: quote_wal2json(regclass); Type: FUNCTION; Schema: realtime; Owner: supabase_admin
--

CREATE FUNCTION realtime.quote_wal2json(entity regclass) RETURNS text
    LANGUAGE sql IMMUTABLE STRICT
    AS $$
      select
        (
          select string_agg('' || ch,'')
          from unnest(string_to_array(nsp.nspname::text, null)) with ordinality x(ch, idx)
          where
            not (x.idx = 1 and x.ch = '"')
            and not (
              x.idx = array_length(string_to_array(nsp.nspname::text, null), 1)
              and x.ch = '"'
            )
        )
        || '.'
        || (
          select string_agg('' || ch,'')
          from unnest(string_to_array(pc.relname::text, null)) with ordinality x(ch, idx)
          where
            not (x.idx = 1 and x.ch = '"')
            and not (
              x.idx = array_length(string_to_array(nsp.nspname::text, null), 1)
              and x.ch = '"'
            )
          )
      from
        pg_class pc
        join pg_namespace nsp
          on pc.relnamespace = nsp.oid
      where
        pc.oid = entity
    $$;


ALTER FUNCTION realtime.quote_wal2json(entity regclass) OWNER TO supabase_admin;

--
-- TOC entry 487 (class 1255 OID 17331)
-- Name: send(jsonb, text, text, boolean); Type: FUNCTION; Schema: realtime; Owner: supabase_admin
--

CREATE FUNCTION realtime.send(payload jsonb, event text, topic text, private boolean DEFAULT true) RETURNS void
    LANGUAGE plpgsql
    AS $$
DECLARE
  generated_id uuid;
  final_payload jsonb;
BEGIN
  BEGIN
    -- Generate a new UUID for the id
    generated_id := gen_random_uuid();

    -- Check if payload has an 'id' key, if not, add the generated UUID
    IF payload ? 'id' THEN
      final_payload := payload;
    ELSE
      final_payload := jsonb_set(payload, '{id}', to_jsonb(generated_id));
    END IF;

    -- Set the topic configuration
    EXECUTE format('SET LOCAL realtime.topic TO %L', topic);

    -- Attempt to insert the message
    INSERT INTO realtime.messages (id, payload, event, topic, private, extension)
    VALUES (generated_id, final_payload, event, topic, private, 'broadcast');
  EXCEPTION
    WHEN OTHERS THEN
      -- Capture and notify the error
      RAISE WARNING 'ErrorSendingBroadcastMessage: %', SQLERRM;
  END;
END;
$$;


ALTER FUNCTION realtime.send(payload jsonb, event text, topic text, private boolean) OWNER TO supabase_admin;

--
-- TOC entry 472 (class 1255 OID 17207)
-- Name: subscription_check_filters(); Type: FUNCTION; Schema: realtime; Owner: supabase_admin
--

CREATE FUNCTION realtime.subscription_check_filters() RETURNS trigger
    LANGUAGE plpgsql
    AS $$
    /*
    Validates that the user defined filters for a subscription:
    - refer to valid columns that the claimed role may access
    - values are coercable to the correct column type
    */
    declare
        col_names text[] = coalesce(
                array_agg(c.column_name order by c.ordinal_position),
                '{}'::text[]
            )
            from
                information_schema.columns c
            where
                format('%I.%I', c.table_schema, c.table_name)::regclass = new.entity
                and pg_catalog.has_column_privilege(
                    (new.claims ->> 'role'),
                    format('%I.%I', c.table_schema, c.table_name)::regclass,
                    c.column_name,
                    'SELECT'
                );
        filter realtime.user_defined_filter;
        col_type regtype;

        in_val jsonb;
    begin
        for filter in select * from unnest(new.filters) loop
            -- Filtered column is valid
            if not filter.column_name = any(col_names) then
                raise exception 'invalid column for filter %', filter.column_name;
            end if;

            -- Type is sanitized and safe for string interpolation
            col_type = (
                select atttypid::regtype
                from pg_catalog.pg_attribute
                where attrelid = new.entity
                      and attname = filter.column_name
            );
            if col_type is null then
                raise exception 'failed to lookup type for column %', filter.column_name;
            end if;

            -- Set maximum number of entries for in filter
            if filter.op = 'in'::realtime.equality_op then
                in_val = realtime.cast(filter.value, (col_type::text || '[]')::regtype);
                if coalesce(jsonb_array_length(in_val), 0) > 100 then
                    raise exception 'too many values for `in` filter. Maximum 100';
                end if;
            else
                -- raises an exception if value is not coercable to type
                perform realtime.cast(filter.value, col_type);
            end if;

        end loop;

        -- Apply consistent order to filters so the unique constraint on
        -- (subscription_id, entity, filters) can't be tricked by a different filter order
        new.filters = coalesce(
            array_agg(f order by f.column_name, f.op, f.value),
            '{}'
        ) from unnest(new.filters) f;

        return new;
    end;
    $$;


ALTER FUNCTION realtime.subscription_check_filters() OWNER TO supabase_admin;

--
-- TOC entry 493 (class 1255 OID 17242)
-- Name: to_regrole(text); Type: FUNCTION; Schema: realtime; Owner: supabase_admin
--

CREATE FUNCTION realtime.to_regrole(role_name text) RETURNS regrole
    LANGUAGE sql IMMUTABLE
    AS $$ select role_name::regrole $$;


ALTER FUNCTION realtime.to_regrole(role_name text) OWNER TO supabase_admin;

--
-- TOC entry 440 (class 1255 OID 17325)
-- Name: topic(); Type: FUNCTION; Schema: realtime; Owner: supabase_realtime_admin
--

CREATE FUNCTION realtime.topic() RETURNS text
    LANGUAGE sql STABLE
    AS $$
select nullif(current_setting('realtime.topic', true), '')::text;
$$;


ALTER FUNCTION realtime.topic() OWNER TO supabase_realtime_admin;

--
-- TOC entry 406 (class 1255 OID 17544)
-- Name: allow_any_operation(text[]); Type: FUNCTION; Schema: storage; Owner: supabase_storage_admin
--

CREATE FUNCTION storage.allow_any_operation(expected_operations text[]) RETURNS boolean
    LANGUAGE sql STABLE
    AS $$
  WITH current_operation AS (
    SELECT storage.operation() AS raw_operation
  ),
  normalized AS (
    SELECT CASE
      WHEN raw_operation LIKE 'storage.%' THEN substr(raw_operation, 9)
      ELSE raw_operation
    END AS current_operation
    FROM current_operation
  )
  SELECT EXISTS (
    SELECT 1
    FROM normalized n
    CROSS JOIN LATERAL unnest(expected_operations) AS expected_operation
    WHERE expected_operation IS NOT NULL
      AND expected_operation <> ''
      AND n.current_operation = CASE
        WHEN expected_operation LIKE 'storage.%' THEN substr(expected_operation, 9)
        ELSE expected_operation
      END
  );
$$;


ALTER FUNCTION storage.allow_any_operation(expected_operations text[]) OWNER TO supabase_storage_admin;

--
-- TOC entry 425 (class 1255 OID 17543)
-- Name: allow_only_operation(text); Type: FUNCTION; Schema: storage; Owner: supabase_storage_admin
--

CREATE FUNCTION storage.allow_only_operation(expected_operation text) RETURNS boolean
    LANGUAGE sql STABLE
    AS $$
  WITH current_operation AS (
    SELECT storage.operation() AS raw_operation
  ),
  normalized AS (
    SELECT
      CASE
        WHEN raw_operation LIKE 'storage.%' THEN substr(raw_operation, 9)
        ELSE raw_operation
      END AS current_operation,
      CASE
        WHEN expected_operation LIKE 'storage.%' THEN substr(expected_operation, 9)
        ELSE expected_operation
      END AS requested_operation
    FROM current_operation
  )
  SELECT CASE
    WHEN requested_operation IS NULL OR requested_operation = '' THEN FALSE
    ELSE COALESCE(current_operation = requested_operation, FALSE)
  END
  FROM normalized;
$$;


ALTER FUNCTION storage.allow_only_operation(expected_operation text) OWNER TO supabase_storage_admin;

--
-- TOC entry 427 (class 1255 OID 17420)
-- Name: can_insert_object(text, text, uuid, jsonb); Type: FUNCTION; Schema: storage; Owner: supabase_storage_admin
--

CREATE FUNCTION storage.can_insert_object(bucketid text, name text, owner uuid, metadata jsonb) RETURNS void
    LANGUAGE plpgsql
    AS $$
BEGIN
  INSERT INTO "storage"."objects" ("bucket_id", "name", "owner", "metadata") VALUES (bucketid, name, owner, metadata);
  -- hack to rollback the successful insert
  RAISE sqlstate 'PT200' using
  message = 'ROLLBACK',
  detail = 'rollback successful insert';
END
$$;


ALTER FUNCTION storage.can_insert_object(bucketid text, name text, owner uuid, metadata jsonb) OWNER TO supabase_storage_admin;

--
-- TOC entry 453 (class 1255 OID 17476)
-- Name: enforce_bucket_name_length(); Type: FUNCTION; Schema: storage; Owner: supabase_storage_admin
--

CREATE FUNCTION storage.enforce_bucket_name_length() RETURNS trigger
    LANGUAGE plpgsql
    AS $$
begin
    if length(new.name) > 100 then
        raise exception 'bucket name "%" is too long (% characters). Max is 100.', new.name, length(new.name);
    end if;
    return new;
end;
$$;


ALTER FUNCTION storage.enforce_bucket_name_length() OWNER TO supabase_storage_admin;

--
-- TOC entry 471 (class 1255 OID 17395)
-- Name: extension(text); Type: FUNCTION; Schema: storage; Owner: supabase_storage_admin
--

CREATE FUNCTION storage.extension(name text) RETURNS text
    LANGUAGE plpgsql
    AS $$
DECLARE
_parts text[];
_filename text;
BEGIN
	select string_to_array(name, '/') into _parts;
	select _parts[array_length(_parts,1)] into _filename;
	-- @todo return the last part instead of 2
	return reverse(split_part(reverse(_filename), '.', 1));
END
$$;


ALTER FUNCTION storage.extension(name text) OWNER TO supabase_storage_admin;

--
-- TOC entry 448 (class 1255 OID 17394)
-- Name: filename(text); Type: FUNCTION; Schema: storage; Owner: supabase_storage_admin
--

CREATE FUNCTION storage.filename(name text) RETURNS text
    LANGUAGE plpgsql
    AS $$
DECLARE
_parts text[];
BEGIN
	select string_to_array(name, '/') into _parts;
	return _parts[array_length(_parts,1)];
END
$$;


ALTER FUNCTION storage.filename(name text) OWNER TO supabase_storage_admin;

--
-- TOC entry 489 (class 1255 OID 17393)
-- Name: foldername(text); Type: FUNCTION; Schema: storage; Owner: supabase_storage_admin
--

CREATE FUNCTION storage.foldername(name text) RETURNS text[]
    LANGUAGE plpgsql
    AS $$
DECLARE
_parts text[];
BEGIN
	select string_to_array(name, '/') into _parts;
	return _parts[1:array_length(_parts,1)-1];
END
$$;


ALTER FUNCTION storage.foldername(name text) OWNER TO supabase_storage_admin;

--
-- TOC entry 394 (class 1255 OID 17532)
-- Name: get_common_prefix(text, text, text); Type: FUNCTION; Schema: storage; Owner: supabase_storage_admin
--

CREATE FUNCTION storage.get_common_prefix(p_key text, p_prefix text, p_delimiter text) RETURNS text
    LANGUAGE sql IMMUTABLE
    AS $$
SELECT CASE
    WHEN position(p_delimiter IN substring(p_key FROM length(p_prefix) + 1)) > 0
    THEN left(p_key, length(p_prefix) + position(p_delimiter IN substring(p_key FROM length(p_prefix) + 1)))
    ELSE NULL
END;
$$;


ALTER FUNCTION storage.get_common_prefix(p_key text, p_prefix text, p_delimiter text) OWNER TO supabase_storage_admin;

--
-- TOC entry 499 (class 1255 OID 17407)
-- Name: get_size_by_bucket(); Type: FUNCTION; Schema: storage; Owner: supabase_storage_admin
--

CREATE FUNCTION storage.get_size_by_bucket() RETURNS TABLE(size bigint, bucket_id text)
    LANGUAGE plpgsql
    AS $$
BEGIN
    return query
        select sum((metadata->>'size')::int) as size, obj.bucket_id
        from "storage".objects as obj
        group by obj.bucket_id;
END
$$;


ALTER FUNCTION storage.get_size_by_bucket() OWNER TO supabase_storage_admin;

--
-- TOC entry 474 (class 1255 OID 17459)
-- Name: list_multipart_uploads_with_delimiter(text, text, text, integer, text, text); Type: FUNCTION; Schema: storage; Owner: supabase_storage_admin
--

CREATE FUNCTION storage.list_multipart_uploads_with_delimiter(bucket_id text, prefix_param text, delimiter_param text, max_keys integer DEFAULT 100, next_key_token text DEFAULT ''::text, next_upload_token text DEFAULT ''::text) RETURNS TABLE(key text, id text, created_at timestamp with time zone)
    LANGUAGE plpgsql
    AS $_$
BEGIN
    RETURN QUERY EXECUTE
        'SELECT DISTINCT ON(key COLLATE "C") * from (
            SELECT
                CASE
                    WHEN position($2 IN substring(key from length($1) + 1)) > 0 THEN
                        substring(key from 1 for length($1) + position($2 IN substring(key from length($1) + 1)))
                    ELSE
                        key
                END AS key, id, created_at
            FROM
                storage.s3_multipart_uploads
            WHERE
                bucket_id = $5 AND
                key ILIKE $1 || ''%'' AND
                CASE
                    WHEN $4 != '''' AND $6 = '''' THEN
                        CASE
                            WHEN position($2 IN substring(key from length($1) + 1)) > 0 THEN
                                substring(key from 1 for length($1) + position($2 IN substring(key from length($1) + 1))) COLLATE "C" > $4
                            ELSE
                                key COLLATE "C" > $4
                            END
                    ELSE
                        true
                END AND
                CASE
                    WHEN $6 != '''' THEN
                        id COLLATE "C" > $6
                    ELSE
                        true
                    END
            ORDER BY
                key COLLATE "C" ASC, created_at ASC) as e order by key COLLATE "C" LIMIT $3'
        USING prefix_param, delimiter_param, max_keys, next_key_token, bucket_id, next_upload_token;
END;
$_$;


ALTER FUNCTION storage.list_multipart_uploads_with_delimiter(bucket_id text, prefix_param text, delimiter_param text, max_keys integer, next_key_token text, next_upload_token text) OWNER TO supabase_storage_admin;

--
-- TOC entry 462 (class 1255 OID 17533)
-- Name: list_objects_with_delimiter(text, text, text, integer, text, text, text); Type: FUNCTION; Schema: storage; Owner: supabase_storage_admin
--

CREATE FUNCTION storage.list_objects_with_delimiter(_bucket_id text, prefix_param text, delimiter_param text, max_keys integer DEFAULT 100, start_after text DEFAULT ''::text, next_token text DEFAULT ''::text, sort_order text DEFAULT 'asc'::text) RETURNS TABLE(name text, id uuid, metadata jsonb, updated_at timestamp with time zone, created_at timestamp with time zone, last_accessed_at timestamp with time zone)
    LANGUAGE plpgsql STABLE
    AS $_$
DECLARE
    v_peek_name TEXT;
    v_current RECORD;
    v_common_prefix TEXT;

    -- Configuration
    v_is_asc BOOLEAN;
    v_prefix TEXT;
    v_start TEXT;
    v_upper_bound TEXT;
    v_file_batch_size INT;

    -- Seek state
    v_next_seek TEXT;
    v_count INT := 0;

    -- Dynamic SQL for batch query only
    v_batch_query TEXT;

BEGIN
    -- ========================================================================
    -- INITIALIZATION
    -- ========================================================================
    v_is_asc := lower(coalesce(sort_order, 'asc')) = 'asc';
    v_prefix := coalesce(prefix_param, '');
    v_start := CASE WHEN coalesce(next_token, '') <> '' THEN next_token ELSE coalesce(start_after, '') END;
    v_file_batch_size := LEAST(GREATEST(max_keys * 2, 100), 1000);

    -- Calculate upper bound for prefix filtering (bytewise, using COLLATE "C")
    IF v_prefix = '' THEN
        v_upper_bound := NULL;
    ELSIF right(v_prefix, 1) = delimiter_param THEN
        v_upper_bound := left(v_prefix, -1) || chr(ascii(delimiter_param) + 1);
    ELSE
        v_upper_bound := left(v_prefix, -1) || chr(ascii(right(v_prefix, 1)) + 1);
    END IF;

    -- Build batch query (dynamic SQL - called infrequently, amortized over many rows)
    IF v_is_asc THEN
        IF v_upper_bound IS NOT NULL THEN
            v_batch_query := 'SELECT o.name, o.id, o.updated_at, o.created_at, o.last_accessed_at, o.metadata ' ||
                'FROM storage.objects o WHERE o.bucket_id = $1 AND o.name COLLATE "C" >= $2 ' ||
                'AND o.name COLLATE "C" < $3 ORDER BY o.name COLLATE "C" ASC LIMIT $4';
        ELSE
            v_batch_query := 'SELECT o.name, o.id, o.updated_at, o.created_at, o.last_accessed_at, o.metadata ' ||
                'FROM storage.objects o WHERE o.bucket_id = $1 AND o.name COLLATE "C" >= $2 ' ||
                'ORDER BY o.name COLLATE "C" ASC LIMIT $4';
        END IF;
    ELSE
        IF v_upper_bound IS NOT NULL THEN
            v_batch_query := 'SELECT o.name, o.id, o.updated_at, o.created_at, o.last_accessed_at, o.metadata ' ||
                'FROM storage.objects o WHERE o.bucket_id = $1 AND o.name COLLATE "C" < $2 ' ||
                'AND o.name COLLATE "C" >= $3 ORDER BY o.name COLLATE "C" DESC LIMIT $4';
        ELSE
            v_batch_query := 'SELECT o.name, o.id, o.updated_at, o.created_at, o.last_accessed_at, o.metadata ' ||
                'FROM storage.objects o WHERE o.bucket_id = $1 AND o.name COLLATE "C" < $2 ' ||
                'ORDER BY o.name COLLATE "C" DESC LIMIT $4';
        END IF;
    END IF;

    -- ========================================================================
    -- SEEK INITIALIZATION: Determine starting position
    -- ========================================================================
    IF v_start = '' THEN
        IF v_is_asc THEN
            v_next_seek := v_prefix;
        ELSE
            -- DESC without cursor: find the last item in range
            IF v_upper_bound IS NOT NULL THEN
                SELECT o.name INTO v_next_seek FROM storage.objects o
                WHERE o.bucket_id = _bucket_id AND o.name COLLATE "C" >= v_prefix AND o.name COLLATE "C" < v_upper_bound
                ORDER BY o.name COLLATE "C" DESC LIMIT 1;
            ELSIF v_prefix <> '' THEN
                SELECT o.name INTO v_next_seek FROM storage.objects o
                WHERE o.bucket_id = _bucket_id AND o.name COLLATE "C" >= v_prefix
                ORDER BY o.name COLLATE "C" DESC LIMIT 1;
            ELSE
                SELECT o.name INTO v_next_seek FROM storage.objects o
                WHERE o.bucket_id = _bucket_id
                ORDER BY o.name COLLATE "C" DESC LIMIT 1;
            END IF;

            IF v_next_seek IS NOT NULL THEN
                v_next_seek := v_next_seek || delimiter_param;
            ELSE
                RETURN;
            END IF;
        END IF;
    ELSE
        -- Cursor provided: determine if it refers to a folder or leaf
        IF EXISTS (
            SELECT 1 FROM storage.objects o
            WHERE o.bucket_id = _bucket_id
              AND o.name COLLATE "C" LIKE v_start || delimiter_param || '%'
            LIMIT 1
        ) THEN
            -- Cursor refers to a folder
            IF v_is_asc THEN
                v_next_seek := v_start || chr(ascii(delimiter_param) + 1);
            ELSE
                v_next_seek := v_start || delimiter_param;
            END IF;
        ELSE
            -- Cursor refers to a leaf object
            IF v_is_asc THEN
                v_next_seek := v_start || delimiter_param;
            ELSE
                v_next_seek := v_start;
            END IF;
        END IF;
    END IF;

    -- ========================================================================
    -- MAIN LOOP: Hybrid peek-then-batch algorithm
    -- Uses STATIC SQL for peek (hot path) and DYNAMIC SQL for batch
    -- ========================================================================
    LOOP
        EXIT WHEN v_count >= max_keys;

        -- STEP 1: PEEK using STATIC SQL (plan cached, very fast)
        IF v_is_asc THEN
            IF v_upper_bound IS NOT NULL THEN
                SELECT o.name INTO v_peek_name FROM storage.objects o
                WHERE o.bucket_id = _bucket_id AND o.name COLLATE "C" >= v_next_seek AND o.name COLLATE "C" < v_upper_bound
                ORDER BY o.name COLLATE "C" ASC LIMIT 1;
            ELSE
                SELECT o.name INTO v_peek_name FROM storage.objects o
                WHERE o.bucket_id = _bucket_id AND o.name COLLATE "C" >= v_next_seek
                ORDER BY o.name COLLATE "C" ASC LIMIT 1;
            END IF;
        ELSE
            IF v_upper_bound IS NOT NULL THEN
                SELECT o.name INTO v_peek_name FROM storage.objects o
                WHERE o.bucket_id = _bucket_id AND o.name COLLATE "C" < v_next_seek AND o.name COLLATE "C" >= v_prefix
                ORDER BY o.name COLLATE "C" DESC LIMIT 1;
            ELSIF v_prefix <> '' THEN
                SELECT o.name INTO v_peek_name FROM storage.objects o
                WHERE o.bucket_id = _bucket_id AND o.name COLLATE "C" < v_next_seek AND o.name COLLATE "C" >= v_prefix
                ORDER BY o.name COLLATE "C" DESC LIMIT 1;
            ELSE
                SELECT o.name INTO v_peek_name FROM storage.objects o
                WHERE o.bucket_id = _bucket_id AND o.name COLLATE "C" < v_next_seek
                ORDER BY o.name COLLATE "C" DESC LIMIT 1;
            END IF;
        END IF;

        EXIT WHEN v_peek_name IS NULL;

        -- STEP 2: Check if this is a FOLDER or FILE
        v_common_prefix := storage.get_common_prefix(v_peek_name, v_prefix, delimiter_param);

        IF v_common_prefix IS NOT NULL THEN
            -- FOLDER: Emit and skip to next folder (no heap access needed)
            name := rtrim(v_common_prefix, delimiter_param);
            id := NULL;
            updated_at := NULL;
            created_at := NULL;
            last_accessed_at := NULL;
            metadata := NULL;
            RETURN NEXT;
            v_count := v_count + 1;

            -- Advance seek past the folder range
            IF v_is_asc THEN
                v_next_seek := left(v_common_prefix, -1) || chr(ascii(delimiter_param) + 1);
            ELSE
                v_next_seek := v_common_prefix;
            END IF;
        ELSE
            -- FILE: Batch fetch using DYNAMIC SQL (overhead amortized over many rows)
            -- For ASC: upper_bound is the exclusive upper limit (< condition)
            -- For DESC: prefix is the inclusive lower limit (>= condition)
            FOR v_current IN EXECUTE v_batch_query USING _bucket_id, v_next_seek,
                CASE WHEN v_is_asc THEN COALESCE(v_upper_bound, v_prefix) ELSE v_prefix END, v_file_batch_size
            LOOP
                v_common_prefix := storage.get_common_prefix(v_current.name, v_prefix, delimiter_param);

                IF v_common_prefix IS NOT NULL THEN
                    -- Hit a folder: exit batch, let peek handle it
                    v_next_seek := v_current.name;
                    EXIT;
                END IF;

                -- Emit file
                name := v_current.name;
                id := v_current.id;
                updated_at := v_current.updated_at;
                created_at := v_current.created_at;
                last_accessed_at := v_current.last_accessed_at;
                metadata := v_current.metadata;
                RETURN NEXT;
                v_count := v_count + 1;

                -- Advance seek past this file
                IF v_is_asc THEN
                    v_next_seek := v_current.name || delimiter_param;
                ELSE
                    v_next_seek := v_current.name;
                END IF;

                EXIT WHEN v_count >= max_keys;
            END LOOP;
        END IF;
    END LOOP;
END;
$_$;


ALTER FUNCTION storage.list_objects_with_delimiter(_bucket_id text, prefix_param text, delimiter_param text, max_keys integer, start_after text, next_token text, sort_order text) OWNER TO supabase_storage_admin;

--
-- TOC entry 401 (class 1255 OID 17475)
-- Name: operation(); Type: FUNCTION; Schema: storage; Owner: supabase_storage_admin
--

CREATE FUNCTION storage.operation() RETURNS text
    LANGUAGE plpgsql STABLE
    AS $$
BEGIN
    RETURN current_setting('storage.operation', true);
END;
$$;


ALTER FUNCTION storage.operation() OWNER TO supabase_storage_admin;

--
-- TOC entry 470 (class 1255 OID 17539)
-- Name: protect_delete(); Type: FUNCTION; Schema: storage; Owner: supabase_storage_admin
--

CREATE FUNCTION storage.protect_delete() RETURNS trigger
    LANGUAGE plpgsql
    AS $$
BEGIN
    -- Check if storage.allow_delete_query is set to 'true'
    IF COALESCE(current_setting('storage.allow_delete_query', true), 'false') != 'true' THEN
        RAISE EXCEPTION 'Direct deletion from storage tables is not allowed. Use the Storage API instead.'
            USING HINT = 'This prevents accidental data loss from orphaned objects.',
                  ERRCODE = '42501';
    END IF;
    RETURN NULL;
END;
$$;


ALTER FUNCTION storage.protect_delete() OWNER TO supabase_storage_admin;

--
-- TOC entry 434 (class 1255 OID 17409)
-- Name: search(text, text, integer, integer, integer, text, text, text); Type: FUNCTION; Schema: storage; Owner: supabase_storage_admin
--

CREATE FUNCTION storage.search(prefix text, bucketname text, limits integer DEFAULT 100, levels integer DEFAULT 1, offsets integer DEFAULT 0, search text DEFAULT ''::text, sortcolumn text DEFAULT 'name'::text, sortorder text DEFAULT 'asc'::text) RETURNS TABLE(name text, id uuid, updated_at timestamp with time zone, created_at timestamp with time zone, last_accessed_at timestamp with time zone, metadata jsonb)
    LANGUAGE plpgsql STABLE
    AS $_$
DECLARE
    v_peek_name TEXT;
    v_current RECORD;
    v_common_prefix TEXT;
    v_delimiter CONSTANT TEXT := '/';

    -- Configuration
    v_limit INT;
    v_prefix TEXT;
    v_prefix_lower TEXT;
    v_is_asc BOOLEAN;
    v_order_by TEXT;
    v_sort_order TEXT;
    v_upper_bound TEXT;
    v_file_batch_size INT;

    -- Dynamic SQL for batch query only
    v_batch_query TEXT;

    -- Seek state
    v_next_seek TEXT;
    v_count INT := 0;
    v_skipped INT := 0;
BEGIN
    -- ========================================================================
    -- INITIALIZATION
    -- ========================================================================
    v_limit := LEAST(coalesce(limits, 100), 1500);
    v_prefix := coalesce(prefix, '') || coalesce(search, '');
    v_prefix_lower := lower(v_prefix);
    v_is_asc := lower(coalesce(sortorder, 'asc')) = 'asc';
    v_file_batch_size := LEAST(GREATEST(v_limit * 2, 100), 1000);

    -- Validate sort column
    CASE lower(coalesce(sortcolumn, 'name'))
        WHEN 'name' THEN v_order_by := 'name';
        WHEN 'updated_at' THEN v_order_by := 'updated_at';
        WHEN 'created_at' THEN v_order_by := 'created_at';
        WHEN 'last_accessed_at' THEN v_order_by := 'last_accessed_at';
        ELSE v_order_by := 'name';
    END CASE;

    v_sort_order := CASE WHEN v_is_asc THEN 'asc' ELSE 'desc' END;

    -- ========================================================================
    -- NON-NAME SORTING: Use path_tokens approach (unchanged)
    -- ========================================================================
    IF v_order_by != 'name' THEN
        RETURN QUERY EXECUTE format(
            $sql$
            WITH folders AS (
                SELECT path_tokens[$1] AS folder
                FROM storage.objects
                WHERE objects.name ILIKE $2 || '%%'
                  AND bucket_id = $3
                  AND array_length(objects.path_tokens, 1) <> $1
                GROUP BY folder
                ORDER BY folder %s
            )
            (SELECT folder AS "name",
                   NULL::uuid AS id,
                   NULL::timestamptz AS updated_at,
                   NULL::timestamptz AS created_at,
                   NULL::timestamptz AS last_accessed_at,
                   NULL::jsonb AS metadata FROM folders)
            UNION ALL
            (SELECT path_tokens[$1] AS "name",
                   id, updated_at, created_at, last_accessed_at, metadata
             FROM storage.objects
             WHERE objects.name ILIKE $2 || '%%'
               AND bucket_id = $3
               AND array_length(objects.path_tokens, 1) = $1
             ORDER BY %I %s)
            LIMIT $4 OFFSET $5
            $sql$, v_sort_order, v_order_by, v_sort_order
        ) USING levels, v_prefix, bucketname, v_limit, offsets;
        RETURN;
    END IF;

    -- ========================================================================
    -- NAME SORTING: Hybrid skip-scan with batch optimization
    -- ========================================================================

    -- Calculate upper bound for prefix filtering
    IF v_prefix_lower = '' THEN
        v_upper_bound := NULL;
    ELSIF right(v_prefix_lower, 1) = v_delimiter THEN
        v_upper_bound := left(v_prefix_lower, -1) || chr(ascii(v_delimiter) + 1);
    ELSE
        v_upper_bound := left(v_prefix_lower, -1) || chr(ascii(right(v_prefix_lower, 1)) + 1);
    END IF;

    -- Build batch query (dynamic SQL - called infrequently, amortized over many rows)
    IF v_is_asc THEN
        IF v_upper_bound IS NOT NULL THEN
            v_batch_query := 'SELECT o.name, o.id, o.updated_at, o.created_at, o.last_accessed_at, o.metadata ' ||
                'FROM storage.objects o WHERE o.bucket_id = $1 AND lower(o.name) COLLATE "C" >= $2 ' ||
                'AND lower(o.name) COLLATE "C" < $3 ORDER BY lower(o.name) COLLATE "C" ASC LIMIT $4';
        ELSE
            v_batch_query := 'SELECT o.name, o.id, o.updated_at, o.created_at, o.last_accessed_at, o.metadata ' ||
                'FROM storage.objects o WHERE o.bucket_id = $1 AND lower(o.name) COLLATE "C" >= $2 ' ||
                'ORDER BY lower(o.name) COLLATE "C" ASC LIMIT $4';
        END IF;
    ELSE
        IF v_upper_bound IS NOT NULL THEN
            v_batch_query := 'SELECT o.name, o.id, o.updated_at, o.created_at, o.last_accessed_at, o.metadata ' ||
                'FROM storage.objects o WHERE o.bucket_id = $1 AND lower(o.name) COLLATE "C" < $2 ' ||
                'AND lower(o.name) COLLATE "C" >= $3 ORDER BY lower(o.name) COLLATE "C" DESC LIMIT $4';
        ELSE
            v_batch_query := 'SELECT o.name, o.id, o.updated_at, o.created_at, o.last_accessed_at, o.metadata ' ||
                'FROM storage.objects o WHERE o.bucket_id = $1 AND lower(o.name) COLLATE "C" < $2 ' ||
                'ORDER BY lower(o.name) COLLATE "C" DESC LIMIT $4';
        END IF;
    END IF;

    -- Initialize seek position
    IF v_is_asc THEN
        v_next_seek := v_prefix_lower;
    ELSE
        -- DESC: find the last item in range first (static SQL)
        IF v_upper_bound IS NOT NULL THEN
            SELECT o.name INTO v_peek_name FROM storage.objects o
            WHERE o.bucket_id = bucketname AND lower(o.name) COLLATE "C" >= v_prefix_lower AND lower(o.name) COLLATE "C" < v_upper_bound
            ORDER BY lower(o.name) COLLATE "C" DESC LIMIT 1;
        ELSIF v_prefix_lower <> '' THEN
            SELECT o.name INTO v_peek_name FROM storage.objects o
            WHERE o.bucket_id = bucketname AND lower(o.name) COLLATE "C" >= v_prefix_lower
            ORDER BY lower(o.name) COLLATE "C" DESC LIMIT 1;
        ELSE
            SELECT o.name INTO v_peek_name FROM storage.objects o
            WHERE o.bucket_id = bucketname
            ORDER BY lower(o.name) COLLATE "C" DESC LIMIT 1;
        END IF;

        IF v_peek_name IS NOT NULL THEN
            v_next_seek := lower(v_peek_name) || v_delimiter;
        ELSE
            RETURN;
        END IF;
    END IF;

    -- ========================================================================
    -- MAIN LOOP: Hybrid peek-then-batch algorithm
    -- Uses STATIC SQL for peek (hot path) and DYNAMIC SQL for batch
    -- ========================================================================
    LOOP
        EXIT WHEN v_count >= v_limit;

        -- STEP 1: PEEK using STATIC SQL (plan cached, very fast)
        IF v_is_asc THEN
            IF v_upper_bound IS NOT NULL THEN
                SELECT o.name INTO v_peek_name FROM storage.objects o
                WHERE o.bucket_id = bucketname AND lower(o.name) COLLATE "C" >= v_next_seek AND lower(o.name) COLLATE "C" < v_upper_bound
                ORDER BY lower(o.name) COLLATE "C" ASC LIMIT 1;
            ELSE
                SELECT o.name INTO v_peek_name FROM storage.objects o
                WHERE o.bucket_id = bucketname AND lower(o.name) COLLATE "C" >= v_next_seek
                ORDER BY lower(o.name) COLLATE "C" ASC LIMIT 1;
            END IF;
        ELSE
            IF v_upper_bound IS NOT NULL THEN
                SELECT o.name INTO v_peek_name FROM storage.objects o
                WHERE o.bucket_id = bucketname AND lower(o.name) COLLATE "C" < v_next_seek AND lower(o.name) COLLATE "C" >= v_prefix_lower
                ORDER BY lower(o.name) COLLATE "C" DESC LIMIT 1;
            ELSIF v_prefix_lower <> '' THEN
                SELECT o.name INTO v_peek_name FROM storage.objects o
                WHERE o.bucket_id = bucketname AND lower(o.name) COLLATE "C" < v_next_seek AND lower(o.name) COLLATE "C" >= v_prefix_lower
                ORDER BY lower(o.name) COLLATE "C" DESC LIMIT 1;
            ELSE
                SELECT o.name INTO v_peek_name FROM storage.objects o
                WHERE o.bucket_id = bucketname AND lower(o.name) COLLATE "C" < v_next_seek
                ORDER BY lower(o.name) COLLATE "C" DESC LIMIT 1;
            END IF;
        END IF;

        EXIT WHEN v_peek_name IS NULL;

        -- STEP 2: Check if this is a FOLDER or FILE
        v_common_prefix := storage.get_common_prefix(lower(v_peek_name), v_prefix_lower, v_delimiter);

        IF v_common_prefix IS NOT NULL THEN
            -- FOLDER: Handle offset, emit if needed, skip to next folder
            IF v_skipped < offsets THEN
                v_skipped := v_skipped + 1;
            ELSE
                name := split_part(rtrim(storage.get_common_prefix(v_peek_name, v_prefix, v_delimiter), v_delimiter), v_delimiter, levels);
                id := NULL;
                updated_at := NULL;
                created_at := NULL;
                last_accessed_at := NULL;
                metadata := NULL;
                RETURN NEXT;
                v_count := v_count + 1;
            END IF;

            -- Advance seek past the folder range
            IF v_is_asc THEN
                v_next_seek := lower(left(v_common_prefix, -1)) || chr(ascii(v_delimiter) + 1);
            ELSE
                v_next_seek := lower(v_common_prefix);
            END IF;
        ELSE
            -- FILE: Batch fetch using DYNAMIC SQL (overhead amortized over many rows)
            -- For ASC: upper_bound is the exclusive upper limit (< condition)
            -- For DESC: prefix_lower is the inclusive lower limit (>= condition)
            FOR v_current IN EXECUTE v_batch_query
                USING bucketname, v_next_seek,
                    CASE WHEN v_is_asc THEN COALESCE(v_upper_bound, v_prefix_lower) ELSE v_prefix_lower END, v_file_batch_size
            LOOP
                v_common_prefix := storage.get_common_prefix(lower(v_current.name), v_prefix_lower, v_delimiter);

                IF v_common_prefix IS NOT NULL THEN
                    -- Hit a folder: exit batch, let peek handle it
                    v_next_seek := lower(v_current.name);
                    EXIT;
                END IF;

                -- Handle offset skipping
                IF v_skipped < offsets THEN
                    v_skipped := v_skipped + 1;
                ELSE
                    -- Emit file
                    name := split_part(v_current.name, v_delimiter, levels);
                    id := v_current.id;
                    updated_at := v_current.updated_at;
                    created_at := v_current.created_at;
                    last_accessed_at := v_current.last_accessed_at;
                    metadata := v_current.metadata;
                    RETURN NEXT;
                    v_count := v_count + 1;
                END IF;

                -- Advance seek past this file
                IF v_is_asc THEN
                    v_next_seek := lower(v_current.name) || v_delimiter;
                ELSE
                    v_next_seek := lower(v_current.name);
                END IF;

                EXIT WHEN v_count >= v_limit;
            END LOOP;
        END IF;
    END LOOP;
END;
$_$;


ALTER FUNCTION storage.search(prefix text, bucketname text, limits integer, levels integer, offsets integer, search text, sortcolumn text, sortorder text) OWNER TO supabase_storage_admin;

--
-- TOC entry 455 (class 1255 OID 17537)
-- Name: search_by_timestamp(text, text, integer, integer, text, text, text, text); Type: FUNCTION; Schema: storage; Owner: supabase_storage_admin
--

CREATE FUNCTION storage.search_by_timestamp(p_prefix text, p_bucket_id text, p_limit integer, p_level integer, p_start_after text, p_sort_order text, p_sort_column text, p_sort_column_after text) RETURNS TABLE(key text, name text, id uuid, updated_at timestamp with time zone, created_at timestamp with time zone, last_accessed_at timestamp with time zone, metadata jsonb)
    LANGUAGE plpgsql STABLE
    AS $_$
DECLARE
    v_cursor_op text;
    v_query text;
    v_prefix text;
BEGIN
    v_prefix := coalesce(p_prefix, '');

    IF p_sort_order = 'asc' THEN
        v_cursor_op := '>';
    ELSE
        v_cursor_op := '<';
    END IF;

    v_query := format($sql$
        WITH raw_objects AS (
            SELECT
                o.name AS obj_name,
                o.id AS obj_id,
                o.updated_at AS obj_updated_at,
                o.created_at AS obj_created_at,
                o.last_accessed_at AS obj_last_accessed_at,
                o.metadata AS obj_metadata,
                storage.get_common_prefix(o.name, $1, '/') AS common_prefix
            FROM storage.objects o
            WHERE o.bucket_id = $2
              AND o.name COLLATE "C" LIKE $1 || '%%'
        ),
        -- Aggregate common prefixes (folders)
        -- Both created_at and updated_at use MIN(obj_created_at) to match the old prefixes table behavior
        aggregated_prefixes AS (
            SELECT
                rtrim(common_prefix, '/') AS name,
                NULL::uuid AS id,
                MIN(obj_created_at) AS updated_at,
                MIN(obj_created_at) AS created_at,
                NULL::timestamptz AS last_accessed_at,
                NULL::jsonb AS metadata,
                TRUE AS is_prefix
            FROM raw_objects
            WHERE common_prefix IS NOT NULL
            GROUP BY common_prefix
        ),
        leaf_objects AS (
            SELECT
                obj_name AS name,
                obj_id AS id,
                obj_updated_at AS updated_at,
                obj_created_at AS created_at,
                obj_last_accessed_at AS last_accessed_at,
                obj_metadata AS metadata,
                FALSE AS is_prefix
            FROM raw_objects
            WHERE common_prefix IS NULL
        ),
        combined AS (
            SELECT * FROM aggregated_prefixes
            UNION ALL
            SELECT * FROM leaf_objects
        ),
        filtered AS (
            SELECT *
            FROM combined
            WHERE (
                $5 = ''
                OR ROW(
                    date_trunc('milliseconds', %I),
                    name COLLATE "C"
                ) %s ROW(
                    COALESCE(NULLIF($6, '')::timestamptz, 'epoch'::timestamptz),
                    $5
                )
            )
        )
        SELECT
            split_part(name, '/', $3) AS key,
            name,
            id,
            updated_at,
            created_at,
            last_accessed_at,
            metadata
        FROM filtered
        ORDER BY
            COALESCE(date_trunc('milliseconds', %I), 'epoch'::timestamptz) %s,
            name COLLATE "C" %s
        LIMIT $4
    $sql$,
        p_sort_column,
        v_cursor_op,
        p_sort_column,
        p_sort_order,
        p_sort_order
    );

    RETURN QUERY EXECUTE v_query
    USING v_prefix, p_bucket_id, p_level, p_limit, p_start_after, p_sort_column_after;
END;
$_$;


ALTER FUNCTION storage.search_by_timestamp(p_prefix text, p_bucket_id text, p_limit integer, p_level integer, p_start_after text, p_sort_order text, p_sort_column text, p_sort_column_after text) OWNER TO supabase_storage_admin;

--
-- TOC entry 473 (class 1255 OID 17536)
-- Name: search_v2(text, text, integer, integer, text, text, text, text); Type: FUNCTION; Schema: storage; Owner: supabase_storage_admin
--

CREATE FUNCTION storage.search_v2(prefix text, bucket_name text, limits integer DEFAULT 100, levels integer DEFAULT 1, start_after text DEFAULT ''::text, sort_order text DEFAULT 'asc'::text, sort_column text DEFAULT 'name'::text, sort_column_after text DEFAULT ''::text) RETURNS TABLE(key text, name text, id uuid, updated_at timestamp with time zone, created_at timestamp with time zone, last_accessed_at timestamp with time zone, metadata jsonb)
    LANGUAGE plpgsql STABLE
    AS $$
DECLARE
    v_sort_col text;
    v_sort_ord text;
    v_limit int;
BEGIN
    -- Cap limit to maximum of 1500 records
    v_limit := LEAST(coalesce(limits, 100), 1500);

    -- Validate and normalize sort_order
    v_sort_ord := lower(coalesce(sort_order, 'asc'));
    IF v_sort_ord NOT IN ('asc', 'desc') THEN
        v_sort_ord := 'asc';
    END IF;

    -- Validate and normalize sort_column
    v_sort_col := lower(coalesce(sort_column, 'name'));
    IF v_sort_col NOT IN ('name', 'updated_at', 'created_at') THEN
        v_sort_col := 'name';
    END IF;

    -- Route to appropriate implementation
    IF v_sort_col = 'name' THEN
        -- Use list_objects_with_delimiter for name sorting (most efficient: O(k * log n))
        RETURN QUERY
        SELECT
            split_part(l.name, '/', levels) AS key,
            l.name AS name,
            l.id,
            l.updated_at,
            l.created_at,
            l.last_accessed_at,
            l.metadata
        FROM storage.list_objects_with_delimiter(
            bucket_name,
            coalesce(prefix, ''),
            '/',
            v_limit,
            start_after,
            '',
            v_sort_ord
        ) l;
    ELSE
        -- Use aggregation approach for timestamp sorting
        -- Not efficient for large datasets but supports correct pagination
        RETURN QUERY SELECT * FROM storage.search_by_timestamp(
            prefix, bucket_name, v_limit, levels, start_after,
            v_sort_ord, v_sort_col, sort_column_after
        );
    END IF;
END;
$$;


ALTER FUNCTION storage.search_v2(prefix text, bucket_name text, limits integer, levels integer, start_after text, sort_order text, sort_column text, sort_column_after text) OWNER TO supabase_storage_admin;

--
-- TOC entry 411 (class 1255 OID 17410)
-- Name: update_updated_at_column(); Type: FUNCTION; Schema: storage; Owner: supabase_storage_admin
--

CREATE FUNCTION storage.update_updated_at_column() RETURNS trigger
    LANGUAGE plpgsql
    AS $$
BEGIN
    NEW.updated_at = now();
    RETURN NEW; 
END;
$$;


ALTER FUNCTION storage.update_updated_at_column() OWNER TO supabase_storage_admin;

SET default_tablespace = '';

SET default_table_access_method = heap;

--
-- TOC entry 344 (class 1259 OID 16529)
-- Name: audit_log_entries; Type: TABLE; Schema: auth; Owner: supabase_auth_admin
--

CREATE TABLE auth.audit_log_entries (
    instance_id uuid,
    id uuid NOT NULL,
    payload json,
    created_at timestamp with time zone,
    ip_address character varying(64) DEFAULT ''::character varying NOT NULL
);


ALTER TABLE auth.audit_log_entries OWNER TO supabase_auth_admin;

--
-- TOC entry 4429 (class 0 OID 0)
-- Dependencies: 344
-- Name: TABLE audit_log_entries; Type: COMMENT; Schema: auth; Owner: supabase_auth_admin
--

COMMENT ON TABLE auth.audit_log_entries IS 'Auth: Audit trail for user actions.';


--
-- TOC entry 364 (class 1259 OID 17082)
-- Name: custom_oauth_providers; Type: TABLE; Schema: auth; Owner: supabase_auth_admin
--

CREATE TABLE auth.custom_oauth_providers (
    id uuid DEFAULT gen_random_uuid() NOT NULL,
    provider_type text NOT NULL,
    identifier text NOT NULL,
    name text NOT NULL,
    client_id text NOT NULL,
    client_secret text NOT NULL,
    acceptable_client_ids text[] DEFAULT '{}'::text[] NOT NULL,
    scopes text[] DEFAULT '{}'::text[] NOT NULL,
    pkce_enabled boolean DEFAULT true NOT NULL,
    attribute_mapping jsonb DEFAULT '{}'::jsonb NOT NULL,
    authorization_params jsonb DEFAULT '{}'::jsonb NOT NULL,
    enabled boolean DEFAULT true NOT NULL,
    email_optional boolean DEFAULT false NOT NULL,
    issuer text,
    discovery_url text,
    skip_nonce_check boolean DEFAULT false NOT NULL,
    cached_discovery jsonb,
    discovery_cached_at timestamp with time zone,
    authorization_url text,
    token_url text,
    userinfo_url text,
    jwks_uri text,
    created_at timestamp with time zone DEFAULT now() NOT NULL,
    updated_at timestamp with time zone DEFAULT now() NOT NULL,
    CONSTRAINT custom_oauth_providers_authorization_url_https CHECK (((authorization_url IS NULL) OR (authorization_url ~~ 'https://%'::text))),
    CONSTRAINT custom_oauth_providers_authorization_url_length CHECK (((authorization_url IS NULL) OR (char_length(authorization_url) <= 2048))),
    CONSTRAINT custom_oauth_providers_client_id_length CHECK (((char_length(client_id) >= 1) AND (char_length(client_id) <= 512))),
    CONSTRAINT custom_oauth_providers_discovery_url_length CHECK (((discovery_url IS NULL) OR (char_length(discovery_url) <= 2048))),
    CONSTRAINT custom_oauth_providers_identifier_format CHECK ((identifier ~ '^[a-z0-9][a-z0-9:-]{0,48}[a-z0-9]$'::text)),
    CONSTRAINT custom_oauth_providers_issuer_length CHECK (((issuer IS NULL) OR ((char_length(issuer) >= 1) AND (char_length(issuer) <= 2048)))),
    CONSTRAINT custom_oauth_providers_jwks_uri_https CHECK (((jwks_uri IS NULL) OR (jwks_uri ~~ 'https://%'::text))),
    CONSTRAINT custom_oauth_providers_jwks_uri_length CHECK (((jwks_uri IS NULL) OR (char_length(jwks_uri) <= 2048))),
    CONSTRAINT custom_oauth_providers_name_length CHECK (((char_length(name) >= 1) AND (char_length(name) <= 100))),
    CONSTRAINT custom_oauth_providers_oauth2_requires_endpoints CHECK (((provider_type <> 'oauth2'::text) OR ((authorization_url IS NOT NULL) AND (token_url IS NOT NULL) AND (userinfo_url IS NOT NULL)))),
    CONSTRAINT custom_oauth_providers_oidc_discovery_url_https CHECK (((provider_type <> 'oidc'::text) OR (discovery_url IS NULL) OR (discovery_url ~~ 'https://%'::text))),
    CONSTRAINT custom_oauth_providers_oidc_issuer_https CHECK (((provider_type <> 'oidc'::text) OR (issuer IS NULL) OR (issuer ~~ 'https://%'::text))),
    CONSTRAINT custom_oauth_providers_oidc_requires_issuer CHECK (((provider_type <> 'oidc'::text) OR (issuer IS NOT NULL))),
    CONSTRAINT custom_oauth_providers_provider_type_check CHECK ((provider_type = ANY (ARRAY['oauth2'::text, 'oidc'::text]))),
    CONSTRAINT custom_oauth_providers_token_url_https CHECK (((token_url IS NULL) OR (token_url ~~ 'https://%'::text))),
    CONSTRAINT custom_oauth_providers_token_url_length CHECK (((token_url IS NULL) OR (char_length(token_url) <= 2048))),
    CONSTRAINT custom_oauth_providers_userinfo_url_https CHECK (((userinfo_url IS NULL) OR (userinfo_url ~~ 'https://%'::text))),
    CONSTRAINT custom_oauth_providers_userinfo_url_length CHECK (((userinfo_url IS NULL) OR (char_length(userinfo_url) <= 2048)))
);


ALTER TABLE auth.custom_oauth_providers OWNER TO supabase_auth_admin;

--
-- TOC entry 358 (class 1259 OID 16887)
-- Name: flow_state; Type: TABLE; Schema: auth; Owner: supabase_auth_admin
--

CREATE TABLE auth.flow_state (
    id uuid NOT NULL,
    user_id uuid,
    auth_code text,
    code_challenge_method auth.code_challenge_method,
    code_challenge text,
    provider_type text NOT NULL,
    provider_access_token text,
    provider_refresh_token text,
    created_at timestamp with time zone,
    updated_at timestamp with time zone,
    authentication_method text NOT NULL,
    auth_code_issued_at timestamp with time zone,
    invite_token text,
    referrer text,
    oauth_client_state_id uuid,
    linking_target_id uuid,
    email_optional boolean DEFAULT false NOT NULL
);


ALTER TABLE auth.flow_state OWNER TO supabase_auth_admin;

--
-- TOC entry 4432 (class 0 OID 0)
-- Dependencies: 358
-- Name: TABLE flow_state; Type: COMMENT; Schema: auth; Owner: supabase_auth_admin
--

COMMENT ON TABLE auth.flow_state IS 'Stores metadata for all OAuth/SSO login flows';


--
-- TOC entry 349 (class 1259 OID 16684)
-- Name: identities; Type: TABLE; Schema: auth; Owner: supabase_auth_admin
--

CREATE TABLE auth.identities (
    provider_id text NOT NULL,
    user_id uuid NOT NULL,
    identity_data jsonb NOT NULL,
    provider text NOT NULL,
    last_sign_in_at timestamp with time zone,
    created_at timestamp with time zone,
    updated_at timestamp with time zone,
    email text GENERATED ALWAYS AS (lower((identity_data ->> 'email'::text))) STORED,
    id uuid DEFAULT gen_random_uuid() NOT NULL
);


ALTER TABLE auth.identities OWNER TO supabase_auth_admin;

--
-- TOC entry 4434 (class 0 OID 0)
-- Dependencies: 349
-- Name: TABLE identities; Type: COMMENT; Schema: auth; Owner: supabase_auth_admin
--

COMMENT ON TABLE auth.identities IS 'Auth: Stores identities associated to a user.';


--
-- TOC entry 4435 (class 0 OID 0)
-- Dependencies: 349
-- Name: COLUMN identities.email; Type: COMMENT; Schema: auth; Owner: supabase_auth_admin
--

COMMENT ON COLUMN auth.identities.email IS 'Auth: Email is a generated column that references the optional email property in the identity_data';


--
-- TOC entry 343 (class 1259 OID 16522)
-- Name: instances; Type: TABLE; Schema: auth; Owner: supabase_auth_admin
--

CREATE TABLE auth.instances (
    id uuid NOT NULL,
    uuid uuid,
    raw_base_config text,
    created_at timestamp with time zone,
    updated_at timestamp with time zone
);


ALTER TABLE auth.instances OWNER TO supabase_auth_admin;

--
-- TOC entry 4437 (class 0 OID 0)
-- Dependencies: 343
-- Name: TABLE instances; Type: COMMENT; Schema: auth; Owner: supabase_auth_admin
--

COMMENT ON TABLE auth.instances IS 'Auth: Manages users across multiple sites.';


--
-- TOC entry 353 (class 1259 OID 16774)
-- Name: mfa_amr_claims; Type: TABLE; Schema: auth; Owner: supabase_auth_admin
--

CREATE TABLE auth.mfa_amr_claims (
    session_id uuid NOT NULL,
    created_at timestamp with time zone NOT NULL,
    updated_at timestamp with time zone NOT NULL,
    authentication_method text NOT NULL,
    id uuid NOT NULL
);


ALTER TABLE auth.mfa_amr_claims OWNER TO supabase_auth_admin;

--
-- TOC entry 4439 (class 0 OID 0)
-- Dependencies: 353
-- Name: TABLE mfa_amr_claims; Type: COMMENT; Schema: auth; Owner: supabase_auth_admin
--

COMMENT ON TABLE auth.mfa_amr_claims IS 'auth: stores authenticator method reference claims for multi factor authentication';


--
-- TOC entry 352 (class 1259 OID 16762)
-- Name: mfa_challenges; Type: TABLE; Schema: auth; Owner: supabase_auth_admin
--

CREATE TABLE auth.mfa_challenges (
    id uuid NOT NULL,
    factor_id uuid NOT NULL,
    created_at timestamp with time zone NOT NULL,
    verified_at timestamp with time zone,
    ip_address inet NOT NULL,
    otp_code text,
    web_authn_session_data jsonb
);


ALTER TABLE auth.mfa_challenges OWNER TO supabase_auth_admin;

--
-- TOC entry 4441 (class 0 OID 0)
-- Dependencies: 352
-- Name: TABLE mfa_challenges; Type: COMMENT; Schema: auth; Owner: supabase_auth_admin
--

COMMENT ON TABLE auth.mfa_challenges IS 'auth: stores metadata about challenge requests made';


--
-- TOC entry 351 (class 1259 OID 16749)
-- Name: mfa_factors; Type: TABLE; Schema: auth; Owner: supabase_auth_admin
--

CREATE TABLE auth.mfa_factors (
    id uuid NOT NULL,
    user_id uuid NOT NULL,
    friendly_name text,
    factor_type auth.factor_type NOT NULL,
    status auth.factor_status NOT NULL,
    created_at timestamp with time zone NOT NULL,
    updated_at timestamp with time zone NOT NULL,
    secret text,
    phone text,
    last_challenged_at timestamp with time zone,
    web_authn_credential jsonb,
    web_authn_aaguid uuid,
    last_webauthn_challenge_data jsonb
);


ALTER TABLE auth.mfa_factors OWNER TO supabase_auth_admin;

--
-- TOC entry 4443 (class 0 OID 0)
-- Dependencies: 351
-- Name: TABLE mfa_factors; Type: COMMENT; Schema: auth; Owner: supabase_auth_admin
--

COMMENT ON TABLE auth.mfa_factors IS 'auth: stores metadata about factors';


--
-- TOC entry 4444 (class 0 OID 0)
-- Dependencies: 351
-- Name: COLUMN mfa_factors.last_webauthn_challenge_data; Type: COMMENT; Schema: auth; Owner: supabase_auth_admin
--

COMMENT ON COLUMN auth.mfa_factors.last_webauthn_challenge_data IS 'Stores the latest WebAuthn challenge data including attestation/assertion for customer verification';


--
-- TOC entry 361 (class 1259 OID 16999)
-- Name: oauth_authorizations; Type: TABLE; Schema: auth; Owner: supabase_auth_admin
--

CREATE TABLE auth.oauth_authorizations (
    id uuid NOT NULL,
    authorization_id text NOT NULL,
    client_id uuid NOT NULL,
    user_id uuid,
    redirect_uri text NOT NULL,
    scope text NOT NULL,
    state text,
    resource text,
    code_challenge text,
    code_challenge_method auth.code_challenge_method,
    response_type auth.oauth_response_type DEFAULT 'code'::auth.oauth_response_type NOT NULL,
    status auth.oauth_authorization_status DEFAULT 'pending'::auth.oauth_authorization_status NOT NULL,
    authorization_code text,
    created_at timestamp with time zone DEFAULT now() NOT NULL,
    expires_at timestamp with time zone DEFAULT (now() + '00:03:00'::interval) NOT NULL,
    approved_at timestamp with time zone,
    nonce text,
    CONSTRAINT oauth_authorizations_authorization_code_length CHECK ((char_length(authorization_code) <= 255)),
    CONSTRAINT oauth_authorizations_code_challenge_length CHECK ((char_length(code_challenge) <= 128)),
    CONSTRAINT oauth_authorizations_expires_at_future CHECK ((expires_at > created_at)),
    CONSTRAINT oauth_authorizations_nonce_length CHECK ((char_length(nonce) <= 255)),
    CONSTRAINT oauth_authorizations_redirect_uri_length CHECK ((char_length(redirect_uri) <= 2048)),
    CONSTRAINT oauth_authorizations_resource_length CHECK ((char_length(resource) <= 2048)),
    CONSTRAINT oauth_authorizations_scope_length CHECK ((char_length(scope) <= 4096)),
    CONSTRAINT oauth_authorizations_state_length CHECK ((char_length(state) <= 4096))
);


ALTER TABLE auth.oauth_authorizations OWNER TO supabase_auth_admin;

--
-- TOC entry 363 (class 1259 OID 17072)
-- Name: oauth_client_states; Type: TABLE; Schema: auth; Owner: supabase_auth_admin
--

CREATE TABLE auth.oauth_client_states (
    id uuid NOT NULL,
    provider_type text NOT NULL,
    code_verifier text,
    created_at timestamp with time zone NOT NULL
);


ALTER TABLE auth.oauth_client_states OWNER TO supabase_auth_admin;

--
-- TOC entry 4447 (class 0 OID 0)
-- Dependencies: 363
-- Name: TABLE oauth_client_states; Type: COMMENT; Schema: auth; Owner: supabase_auth_admin
--

COMMENT ON TABLE auth.oauth_client_states IS 'Stores OAuth states for third-party provider authentication flows where Supabase acts as the OAuth client.';


--
-- TOC entry 360 (class 1259 OID 16969)
-- Name: oauth_clients; Type: TABLE; Schema: auth; Owner: supabase_auth_admin
--

CREATE TABLE auth.oauth_clients (
    id uuid NOT NULL,
    client_secret_hash text,
    registration_type auth.oauth_registration_type NOT NULL,
    redirect_uris text NOT NULL,
    grant_types text NOT NULL,
    client_name text,
    client_uri text,
    logo_uri text,
    created_at timestamp with time zone DEFAULT now() NOT NULL,
    updated_at timestamp with time zone DEFAULT now() NOT NULL,
    deleted_at timestamp with time zone,
    client_type auth.oauth_client_type DEFAULT 'confidential'::auth.oauth_client_type NOT NULL,
    token_endpoint_auth_method text NOT NULL,
    CONSTRAINT oauth_clients_client_name_length CHECK ((char_length(client_name) <= 1024)),
    CONSTRAINT oauth_clients_client_uri_length CHECK ((char_length(client_uri) <= 2048)),
    CONSTRAINT oauth_clients_logo_uri_length CHECK ((char_length(logo_uri) <= 2048)),
    CONSTRAINT oauth_clients_token_endpoint_auth_method_check CHECK ((token_endpoint_auth_method = ANY (ARRAY['client_secret_basic'::text, 'client_secret_post'::text, 'none'::text])))
);


ALTER TABLE auth.oauth_clients OWNER TO supabase_auth_admin;

--
-- TOC entry 362 (class 1259 OID 17032)
-- Name: oauth_consents; Type: TABLE; Schema: auth; Owner: supabase_auth_admin
--

CREATE TABLE auth.oauth_consents (
    id uuid NOT NULL,
    user_id uuid NOT NULL,
    client_id uuid NOT NULL,
    scopes text NOT NULL,
    granted_at timestamp with time zone DEFAULT now() NOT NULL,
    revoked_at timestamp with time zone,
    CONSTRAINT oauth_consents_revoked_after_granted CHECK (((revoked_at IS NULL) OR (revoked_at >= granted_at))),
    CONSTRAINT oauth_consents_scopes_length CHECK ((char_length(scopes) <= 2048)),
    CONSTRAINT oauth_consents_scopes_not_empty CHECK ((char_length(TRIM(BOTH FROM scopes)) > 0))
);


ALTER TABLE auth.oauth_consents OWNER TO supabase_auth_admin;

--
-- TOC entry 359 (class 1259 OID 16937)
-- Name: one_time_tokens; Type: TABLE; Schema: auth; Owner: supabase_auth_admin
--

CREATE TABLE auth.one_time_tokens (
    id uuid NOT NULL,
    user_id uuid NOT NULL,
    token_type auth.one_time_token_type NOT NULL,
    token_hash text NOT NULL,
    relates_to text NOT NULL,
    created_at timestamp without time zone DEFAULT now() NOT NULL,
    updated_at timestamp without time zone DEFAULT now() NOT NULL,
    CONSTRAINT one_time_tokens_token_hash_check CHECK ((char_length(token_hash) > 0))
);


ALTER TABLE auth.one_time_tokens OWNER TO supabase_auth_admin;

--
-- TOC entry 342 (class 1259 OID 16511)
-- Name: refresh_tokens; Type: TABLE; Schema: auth; Owner: supabase_auth_admin
--

CREATE TABLE auth.refresh_tokens (
    instance_id uuid,
    id bigint NOT NULL,
    token character varying(255),
    user_id character varying(255),
    revoked boolean,
    created_at timestamp with time zone,
    updated_at timestamp with time zone,
    parent character varying(255),
    session_id uuid
);


ALTER TABLE auth.refresh_tokens OWNER TO supabase_auth_admin;

--
-- TOC entry 4452 (class 0 OID 0)
-- Dependencies: 342
-- Name: TABLE refresh_tokens; Type: COMMENT; Schema: auth; Owner: supabase_auth_admin
--

COMMENT ON TABLE auth.refresh_tokens IS 'Auth: Store of tokens used to refresh JWT tokens once they expire.';


--
-- TOC entry 341 (class 1259 OID 16510)
-- Name: refresh_tokens_id_seq; Type: SEQUENCE; Schema: auth; Owner: supabase_auth_admin
--

CREATE SEQUENCE auth.refresh_tokens_id_seq
    START WITH 1
    INCREMENT BY 1
    NO MINVALUE
    NO MAXVALUE
    CACHE 1;


ALTER SEQUENCE auth.refresh_tokens_id_seq OWNER TO supabase_auth_admin;

--
-- TOC entry 4454 (class 0 OID 0)
-- Dependencies: 341
-- Name: refresh_tokens_id_seq; Type: SEQUENCE OWNED BY; Schema: auth; Owner: supabase_auth_admin
--

ALTER SEQUENCE auth.refresh_tokens_id_seq OWNED BY auth.refresh_tokens.id;


--
-- TOC entry 356 (class 1259 OID 16816)
-- Name: saml_providers; Type: TABLE; Schema: auth; Owner: supabase_auth_admin
--

CREATE TABLE auth.saml_providers (
    id uuid NOT NULL,
    sso_provider_id uuid NOT NULL,
    entity_id text NOT NULL,
    metadata_xml text NOT NULL,
    metadata_url text,
    attribute_mapping jsonb,
    created_at timestamp with time zone,
    updated_at timestamp with time zone,
    name_id_format text,
    CONSTRAINT "entity_id not empty" CHECK ((char_length(entity_id) > 0)),
    CONSTRAINT "metadata_url not empty" CHECK (((metadata_url = NULL::text) OR (char_length(metadata_url) > 0))),
    CONSTRAINT "metadata_xml not empty" CHECK ((char_length(metadata_xml) > 0))
);


ALTER TABLE auth.saml_providers OWNER TO supabase_auth_admin;

--
-- TOC entry 4456 (class 0 OID 0)
-- Dependencies: 356
-- Name: TABLE saml_providers; Type: COMMENT; Schema: auth; Owner: supabase_auth_admin
--

COMMENT ON TABLE auth.saml_providers IS 'Auth: Manages SAML Identity Provider connections.';


--
-- TOC entry 357 (class 1259 OID 16834)
-- Name: saml_relay_states; Type: TABLE; Schema: auth; Owner: supabase_auth_admin
--

CREATE TABLE auth.saml_relay_states (
    id uuid NOT NULL,
    sso_provider_id uuid NOT NULL,
    request_id text NOT NULL,
    for_email text,
    redirect_to text,
    created_at timestamp with time zone,
    updated_at timestamp with time zone,
    flow_state_id uuid,
    CONSTRAINT "request_id not empty" CHECK ((char_length(request_id) > 0))
);


ALTER TABLE auth.saml_relay_states OWNER TO supabase_auth_admin;

--
-- TOC entry 4458 (class 0 OID 0)
-- Dependencies: 357
-- Name: TABLE saml_relay_states; Type: COMMENT; Schema: auth; Owner: supabase_auth_admin
--

COMMENT ON TABLE auth.saml_relay_states IS 'Auth: Contains SAML Relay State information for each Service Provider initiated login.';


--
-- TOC entry 345 (class 1259 OID 16537)
-- Name: schema_migrations; Type: TABLE; Schema: auth; Owner: supabase_auth_admin
--

CREATE TABLE auth.schema_migrations (
    version character varying(255) NOT NULL
);


ALTER TABLE auth.schema_migrations OWNER TO supabase_auth_admin;

--
-- TOC entry 4460 (class 0 OID 0)
-- Dependencies: 345
-- Name: TABLE schema_migrations; Type: COMMENT; Schema: auth; Owner: supabase_auth_admin
--

COMMENT ON TABLE auth.schema_migrations IS 'Auth: Manages updates to the auth system.';


--
-- TOC entry 350 (class 1259 OID 16714)
-- Name: sessions; Type: TABLE; Schema: auth; Owner: supabase_auth_admin
--

CREATE TABLE auth.sessions (
    id uuid NOT NULL,
    user_id uuid NOT NULL,
    created_at timestamp with time zone,
    updated_at timestamp with time zone,
    factor_id uuid,
    aal auth.aal_level,
    not_after timestamp with time zone,
    refreshed_at timestamp without time zone,
    user_agent text,
    ip inet,
    tag text,
    oauth_client_id uuid,
    refresh_token_hmac_key text,
    refresh_token_counter bigint,
    scopes text,
    CONSTRAINT sessions_scopes_length CHECK ((char_length(scopes) <= 4096))
);


ALTER TABLE auth.sessions OWNER TO supabase_auth_admin;

--
-- TOC entry 4462 (class 0 OID 0)
-- Dependencies: 350
-- Name: TABLE sessions; Type: COMMENT; Schema: auth; Owner: supabase_auth_admin
--

COMMENT ON TABLE auth.sessions IS 'Auth: Stores session data associated to a user.';


--
-- TOC entry 4463 (class 0 OID 0)
-- Dependencies: 350
-- Name: COLUMN sessions.not_after; Type: COMMENT; Schema: auth; Owner: supabase_auth_admin
--

COMMENT ON COLUMN auth.sessions.not_after IS 'Auth: Not after is a nullable column that contains a timestamp after which the session should be regarded as expired.';


--
-- TOC entry 4464 (class 0 OID 0)
-- Dependencies: 350
-- Name: COLUMN sessions.refresh_token_hmac_key; Type: COMMENT; Schema: auth; Owner: supabase_auth_admin
--

COMMENT ON COLUMN auth.sessions.refresh_token_hmac_key IS 'Holds a HMAC-SHA256 key used to sign refresh tokens for this session.';


--
-- TOC entry 4465 (class 0 OID 0)
-- Dependencies: 350
-- Name: COLUMN sessions.refresh_token_counter; Type: COMMENT; Schema: auth; Owner: supabase_auth_admin
--

COMMENT ON COLUMN auth.sessions.refresh_token_counter IS 'Holds the ID (counter) of the last issued refresh token.';


--
-- TOC entry 355 (class 1259 OID 16801)
-- Name: sso_domains; Type: TABLE; Schema: auth; Owner: supabase_auth_admin
--

CREATE TABLE auth.sso_domains (
    id uuid NOT NULL,
    sso_provider_id uuid NOT NULL,
    domain text NOT NULL,
    created_at timestamp with time zone,
    updated_at timestamp with time zone,
    CONSTRAINT "domain not empty" CHECK ((char_length(domain) > 0))
);


ALTER TABLE auth.sso_domains OWNER TO supabase_auth_admin;

--
-- TOC entry 4467 (class 0 OID 0)
-- Dependencies: 355
-- Name: TABLE sso_domains; Type: COMMENT; Schema: auth; Owner: supabase_auth_admin
--

COMMENT ON TABLE auth.sso_domains IS 'Auth: Manages SSO email address domain mapping to an SSO Identity Provider.';


--
-- TOC entry 354 (class 1259 OID 16792)
-- Name: sso_providers; Type: TABLE; Schema: auth; Owner: supabase_auth_admin
--

CREATE TABLE auth.sso_providers (
    id uuid NOT NULL,
    resource_id text,
    created_at timestamp with time zone,
    updated_at timestamp with time zone,
    disabled boolean,
    CONSTRAINT "resource_id not empty" CHECK (((resource_id = NULL::text) OR (char_length(resource_id) > 0)))
);


ALTER TABLE auth.sso_providers OWNER TO supabase_auth_admin;

--
-- TOC entry 4469 (class 0 OID 0)
-- Dependencies: 354
-- Name: TABLE sso_providers; Type: COMMENT; Schema: auth; Owner: supabase_auth_admin
--

COMMENT ON TABLE auth.sso_providers IS 'Auth: Manages SSO identity provider information; see saml_providers for SAML.';


--
-- TOC entry 4470 (class 0 OID 0)
-- Dependencies: 354
-- Name: COLUMN sso_providers.resource_id; Type: COMMENT; Schema: auth; Owner: supabase_auth_admin
--

COMMENT ON COLUMN auth.sso_providers.resource_id IS 'Auth: Uniquely identifies a SSO provider according to a user-chosen resource ID (case insensitive), useful in infrastructure as code.';


--
-- TOC entry 340 (class 1259 OID 16499)
-- Name: users; Type: TABLE; Schema: auth; Owner: supabase_auth_admin
--

CREATE TABLE auth.users (
    instance_id uuid,
    id uuid NOT NULL,
    aud character varying(255),
    role character varying(255),
    email character varying(255),
    encrypted_password character varying(255),
    email_confirmed_at timestamp with time zone,
    invited_at timestamp with time zone,
    confirmation_token character varying(255),
    confirmation_sent_at timestamp with time zone,
    recovery_token character varying(255),
    recovery_sent_at timestamp with time zone,
    email_change_token_new character varying(255),
    email_change character varying(255),
    email_change_sent_at timestamp with time zone,
    last_sign_in_at timestamp with time zone,
    raw_app_meta_data jsonb,
    raw_user_meta_data jsonb,
    is_super_admin boolean,
    created_at timestamp with time zone,
    updated_at timestamp with time zone,
    phone text DEFAULT NULL::character varying,
    phone_confirmed_at timestamp with time zone,
    phone_change text DEFAULT ''::character varying,
    phone_change_token character varying(255) DEFAULT ''::character varying,
    phone_change_sent_at timestamp with time zone,
    confirmed_at timestamp with time zone GENERATED ALWAYS AS (LEAST(email_confirmed_at, phone_confirmed_at)) STORED,
    email_change_token_current character varying(255) DEFAULT ''::character varying,
    email_change_confirm_status smallint DEFAULT 0,
    banned_until timestamp with time zone,
    reauthentication_token character varying(255) DEFAULT ''::character varying,
    reauthentication_sent_at timestamp with time zone,
    is_sso_user boolean DEFAULT false NOT NULL,
    deleted_at timestamp with time zone,
    is_anonymous boolean DEFAULT false NOT NULL,
    CONSTRAINT users_email_change_confirm_status_check CHECK (((email_change_confirm_status >= 0) AND (email_change_confirm_status <= 2)))
);


ALTER TABLE auth.users OWNER TO supabase_auth_admin;

--
-- TOC entry 4472 (class 0 OID 0)
-- Dependencies: 340
-- Name: TABLE users; Type: COMMENT; Schema: auth; Owner: supabase_auth_admin
--

COMMENT ON TABLE auth.users IS 'Auth: Stores user login data within a secure schema.';


--
-- TOC entry 4473 (class 0 OID 0)
-- Dependencies: 340
-- Name: COLUMN users.is_sso_user; Type: COMMENT; Schema: auth; Owner: supabase_auth_admin
--

COMMENT ON COLUMN auth.users.is_sso_user IS 'Auth: Set this column to true when the account comes from SSO. These accounts can have duplicate emails.';


--
-- TOC entry 366 (class 1259 OID 17147)
-- Name: webauthn_challenges; Type: TABLE; Schema: auth; Owner: supabase_auth_admin
--

CREATE TABLE auth.webauthn_challenges (
    id uuid DEFAULT gen_random_uuid() NOT NULL,
    user_id uuid,
    challenge_type text NOT NULL,
    session_data jsonb NOT NULL,
    created_at timestamp with time zone DEFAULT now() NOT NULL,
    expires_at timestamp with time zone NOT NULL,
    CONSTRAINT webauthn_challenges_challenge_type_check CHECK ((challenge_type = ANY (ARRAY['signup'::text, 'registration'::text, 'authentication'::text])))
);


ALTER TABLE auth.webauthn_challenges OWNER TO supabase_auth_admin;

--
-- TOC entry 365 (class 1259 OID 17124)
-- Name: webauthn_credentials; Type: TABLE; Schema: auth; Owner: supabase_auth_admin
--

CREATE TABLE auth.webauthn_credentials (
    id uuid DEFAULT gen_random_uuid() NOT NULL,
    user_id uuid NOT NULL,
    credential_id bytea NOT NULL,
    public_key bytea NOT NULL,
    attestation_type text DEFAULT ''::text NOT NULL,
    aaguid uuid,
    sign_count bigint DEFAULT 0 NOT NULL,
    transports jsonb DEFAULT '[]'::jsonb NOT NULL,
    backup_eligible boolean DEFAULT false NOT NULL,
    backed_up boolean DEFAULT false NOT NULL,
    friendly_name text DEFAULT ''::text NOT NULL,
    created_at timestamp with time zone DEFAULT now() NOT NULL,
    updated_at timestamp with time zone DEFAULT now() NOT NULL,
    last_used_at timestamp with time zone
);


ALTER TABLE auth.webauthn_credentials OWNER TO supabase_auth_admin;

--
-- TOC entry 385 (class 1259 OID 17771)
-- Name: candidates; Type: TABLE; Schema: public; Owner: postgres
--

CREATE TABLE public.candidates (
    id uuid DEFAULT gen_random_uuid() NOT NULL,
    created_at timestamp with time zone DEFAULT timezone('utc'::text, now()),
    full_name text NOT NULL,
    email text NOT NULL,
    phone text,
    summary text,
    status text DEFAULT 'applied'::text,
    stage_order integer DEFAULT 0,
    ai_score integer DEFAULT 0,
    ai_evaluation_notes text,
    resume_url text,
    job_id uuid NOT NULL,
    updated_at timestamp with time zone DEFAULT now(),
    CONSTRAINT candidates_ai_score_check CHECK (((ai_score >= 0) AND (ai_score <= 100))),
    CONSTRAINT candidates_stage_order_check CHECK ((stage_order >= 0)),
    CONSTRAINT candidates_status_check CHECK ((status = ANY (ARRAY['applied'::text, 'screening'::text, 'interview'::text, 'offered'::text, 'rejected'::text])))
);


ALTER TABLE public.candidates OWNER TO postgres;

--
-- TOC entry 382 (class 1259 OID 17725)
-- Name: companies; Type: TABLE; Schema: public; Owner: postgres
--

CREATE TABLE public.companies (
    id uuid DEFAULT gen_random_uuid() NOT NULL,
    name text NOT NULL,
    website_url text,
    industry text,
    location text,
    description text,
    company_size text
);


ALTER TABLE public.companies OWNER TO postgres;

--
-- TOC entry 384 (class 1259 OID 17753)
-- Name: jobs; Type: TABLE; Schema: public; Owner: postgres
--

CREATE TABLE public.jobs (
    id uuid DEFAULT gen_random_uuid() NOT NULL,
    created_at timestamp with time zone DEFAULT timezone('utc'::text, now()),
    title text NOT NULL,
    description text,
    location text,
    job_type text,
    salary_range text,
    status text DEFAULT 'active'::text,
    customer_id uuid NOT NULL,
    updated_at timestamp with time zone DEFAULT now(),
    company_id uuid,
    CONSTRAINT jobs_status_check CHECK ((status = ANY (ARRAY['active'::text, 'closed'::text])))
);


ALTER TABLE public.jobs OWNER TO postgres;

--
-- TOC entry 386 (class 1259 OID 17794)
-- Name: notes; Type: TABLE; Schema: public; Owner: postgres
--

CREATE TABLE public.notes (
    id uuid DEFAULT gen_random_uuid() NOT NULL,
    candidate_id uuid,
    content text,
    created_at timestamp with time zone DEFAULT now()
);


ALTER TABLE public.notes OWNER TO postgres;

--
-- TOC entry 383 (class 1259 OID 17733)
-- Name: profiles; Type: TABLE; Schema: public; Owner: postgres
--

CREATE TABLE public.profiles (
    id uuid NOT NULL,
    full_name text,
    company_id uuid,
    phone text,
    avatar_url text,
    role text DEFAULT 'customer'::text,
    updated_at timestamp with time zone DEFAULT timezone('utc'::text, now()),
    email text,
    CONSTRAINT profiles_role_check CHECK ((role = ANY (ARRAY['admin'::text, 'company_admin'::text, 'customer'::text])))
);


ALTER TABLE public.profiles OWNER TO postgres;

--
-- TOC entry 373 (class 1259 OID 17335)
-- Name: messages; Type: TABLE; Schema: realtime; Owner: supabase_realtime_admin
--

CREATE TABLE realtime.messages (
    topic text NOT NULL,
    extension text NOT NULL,
    payload jsonb,
    event text,
    private boolean DEFAULT false,
    updated_at timestamp without time zone DEFAULT now() NOT NULL,
    inserted_at timestamp without time zone DEFAULT now() NOT NULL,
    id uuid DEFAULT gen_random_uuid() NOT NULL
)
PARTITION BY RANGE (inserted_at);


ALTER TABLE realtime.messages OWNER TO supabase_realtime_admin;

--
-- TOC entry 367 (class 1259 OID 17172)
-- Name: schema_migrations; Type: TABLE; Schema: realtime; Owner: supabase_admin
--

CREATE TABLE realtime.schema_migrations (
    version bigint NOT NULL,
    inserted_at timestamp(0) without time zone
);


ALTER TABLE realtime.schema_migrations OWNER TO supabase_admin;

--
-- TOC entry 370 (class 1259 OID 17195)
-- Name: subscription; Type: TABLE; Schema: realtime; Owner: supabase_admin
--

CREATE TABLE realtime.subscription (
    id bigint NOT NULL,
    subscription_id uuid NOT NULL,
    entity regclass NOT NULL,
    filters realtime.user_defined_filter[] DEFAULT '{}'::realtime.user_defined_filter[] NOT NULL,
    claims jsonb NOT NULL,
    claims_role regrole GENERATED ALWAYS AS (realtime.to_regrole((claims ->> 'role'::text))) STORED NOT NULL,
    created_at timestamp without time zone DEFAULT timezone('utc'::text, now()) NOT NULL,
    action_filter text DEFAULT '*'::text,
    CONSTRAINT subscription_action_filter_check CHECK ((action_filter = ANY (ARRAY['*'::text, 'INSERT'::text, 'UPDATE'::text, 'DELETE'::text])))
);


ALTER TABLE realtime.subscription OWNER TO supabase_admin;

--
-- TOC entry 369 (class 1259 OID 17194)
-- Name: subscription_id_seq; Type: SEQUENCE; Schema: realtime; Owner: supabase_admin
--

ALTER TABLE realtime.subscription ALTER COLUMN id ADD GENERATED ALWAYS AS IDENTITY (
    SEQUENCE NAME realtime.subscription_id_seq
    START WITH 1
    INCREMENT BY 1
    NO MINVALUE
    NO MAXVALUE
    CACHE 1
);


--
-- TOC entry 375 (class 1259 OID 17365)
-- Name: buckets; Type: TABLE; Schema: storage; Owner: supabase_storage_admin
--

CREATE TABLE storage.buckets (
    id text NOT NULL,
    name text NOT NULL,
    owner uuid,
    created_at timestamp with time zone DEFAULT now(),
    updated_at timestamp with time zone DEFAULT now(),
    public boolean DEFAULT false,
    avif_autodetection boolean DEFAULT false,
    file_size_limit bigint,
    allowed_mime_types text[],
    owner_id text,
    type storage.buckettype DEFAULT 'STANDARD'::storage.buckettype NOT NULL
);


ALTER TABLE storage.buckets OWNER TO supabase_storage_admin;

--
-- TOC entry 4488 (class 0 OID 0)
-- Dependencies: 375
-- Name: COLUMN buckets.owner; Type: COMMENT; Schema: storage; Owner: supabase_storage_admin
--

COMMENT ON COLUMN storage.buckets.owner IS 'Field is deprecated, use owner_id instead';


--
-- TOC entry 379 (class 1259 OID 17484)
-- Name: buckets_analytics; Type: TABLE; Schema: storage; Owner: supabase_storage_admin
--

CREATE TABLE storage.buckets_analytics (
    name text NOT NULL,
    type storage.buckettype DEFAULT 'ANALYTICS'::storage.buckettype NOT NULL,
    format text DEFAULT 'ICEBERG'::text NOT NULL,
    created_at timestamp with time zone DEFAULT now() NOT NULL,
    updated_at timestamp with time zone DEFAULT now() NOT NULL,
    id uuid DEFAULT gen_random_uuid() NOT NULL,
    deleted_at timestamp with time zone
);


ALTER TABLE storage.buckets_analytics OWNER TO supabase_storage_admin;

--
-- TOC entry 380 (class 1259 OID 17497)
-- Name: buckets_vectors; Type: TABLE; Schema: storage; Owner: supabase_storage_admin
--

CREATE TABLE storage.buckets_vectors (
    id text NOT NULL,
    type storage.buckettype DEFAULT 'VECTOR'::storage.buckettype NOT NULL,
    created_at timestamp with time zone DEFAULT now() NOT NULL,
    updated_at timestamp with time zone DEFAULT now() NOT NULL
);


ALTER TABLE storage.buckets_vectors OWNER TO supabase_storage_admin;

--
-- TOC entry 374 (class 1259 OID 17357)
-- Name: migrations; Type: TABLE; Schema: storage; Owner: supabase_storage_admin
--

CREATE TABLE storage.migrations (
    id integer NOT NULL,
    name character varying(100) NOT NULL,
    hash character varying(40) NOT NULL,
    executed_at timestamp without time zone DEFAULT CURRENT_TIMESTAMP
);


ALTER TABLE storage.migrations OWNER TO supabase_storage_admin;

--
-- TOC entry 376 (class 1259 OID 17375)
-- Name: objects; Type: TABLE; Schema: storage; Owner: supabase_storage_admin
--

CREATE TABLE storage.objects (
    id uuid DEFAULT gen_random_uuid() NOT NULL,
    bucket_id text,
    name text,
    owner uuid,
    created_at timestamp with time zone DEFAULT now(),
    updated_at timestamp with time zone DEFAULT now(),
    last_accessed_at timestamp with time zone DEFAULT now(),
    metadata jsonb,
    path_tokens text[] GENERATED ALWAYS AS (string_to_array(name, '/'::text)) STORED,
    version text,
    owner_id text,
    user_metadata jsonb
);


ALTER TABLE storage.objects OWNER TO supabase_storage_admin;

--
-- TOC entry 4492 (class 0 OID 0)
-- Dependencies: 376
-- Name: COLUMN objects.owner; Type: COMMENT; Schema: storage; Owner: supabase_storage_admin
--

COMMENT ON COLUMN storage.objects.owner IS 'Field is deprecated, use owner_id instead';


--
-- TOC entry 377 (class 1259 OID 17424)
-- Name: s3_multipart_uploads; Type: TABLE; Schema: storage; Owner: supabase_storage_admin
--

CREATE TABLE storage.s3_multipart_uploads (
    id text NOT NULL,
    in_progress_size bigint DEFAULT 0 NOT NULL,
    upload_signature text NOT NULL,
    bucket_id text NOT NULL,
    key text NOT NULL COLLATE pg_catalog."C",
    version text NOT NULL,
    owner_id text,
    created_at timestamp with time zone DEFAULT now() NOT NULL,
    user_metadata jsonb,
    metadata jsonb
);


ALTER TABLE storage.s3_multipart_uploads OWNER TO supabase_storage_admin;

--
-- TOC entry 378 (class 1259 OID 17438)
-- Name: s3_multipart_uploads_parts; Type: TABLE; Schema: storage; Owner: supabase_storage_admin
--

CREATE TABLE storage.s3_multipart_uploads_parts (
    id uuid DEFAULT gen_random_uuid() NOT NULL,
    upload_id text NOT NULL,
    size bigint DEFAULT 0 NOT NULL,
    part_number integer NOT NULL,
    bucket_id text NOT NULL,
    key text NOT NULL COLLATE pg_catalog."C",
    etag text NOT NULL,
    owner_id text,
    version text NOT NULL,
    created_at timestamp with time zone DEFAULT now() NOT NULL
);


ALTER TABLE storage.s3_multipart_uploads_parts OWNER TO supabase_storage_admin;

--
-- TOC entry 381 (class 1259 OID 17507)
-- Name: vector_indexes; Type: TABLE; Schema: storage; Owner: supabase_storage_admin
--

CREATE TABLE storage.vector_indexes (
    id text DEFAULT gen_random_uuid() NOT NULL,
    name text NOT NULL COLLATE pg_catalog."C",
    bucket_id text NOT NULL,
    data_type text NOT NULL,
    dimension integer NOT NULL,
    distance_metric text NOT NULL,
    metadata_configuration jsonb,
    created_at timestamp with time zone DEFAULT now() NOT NULL,
    updated_at timestamp with time zone DEFAULT now() NOT NULL
);


ALTER TABLE storage.vector_indexes OWNER TO supabase_storage_admin;

--
-- TOC entry 3739 (class 2604 OID 16514)
-- Name: refresh_tokens id; Type: DEFAULT; Schema: auth; Owner: supabase_auth_admin
--

ALTER TABLE ONLY auth.refresh_tokens ALTER COLUMN id SET DEFAULT nextval('auth.refresh_tokens_id_seq'::regclass);


--
-- TOC entry 4290 (class 0 OID 16529)
-- Dependencies: 344
-- Data for Name: audit_log_entries; Type: TABLE DATA; Schema: auth; Owner: supabase_auth_admin
--

COPY auth.audit_log_entries (instance_id, id, payload, created_at, ip_address) FROM stdin;
\.


--
-- TOC entry 4307 (class 0 OID 17082)
-- Dependencies: 364
-- Data for Name: custom_oauth_providers; Type: TABLE DATA; Schema: auth; Owner: supabase_auth_admin
--

COPY auth.custom_oauth_providers (id, provider_type, identifier, name, client_id, client_secret, acceptable_client_ids, scopes, pkce_enabled, attribute_mapping, authorization_params, enabled, email_optional, issuer, discovery_url, skip_nonce_check, cached_discovery, discovery_cached_at, authorization_url, token_url, userinfo_url, jwks_uri, created_at, updated_at) FROM stdin;
\.


--
-- TOC entry 4301 (class 0 OID 16887)
-- Dependencies: 358
-- Data for Name: flow_state; Type: TABLE DATA; Schema: auth; Owner: supabase_auth_admin
--

COPY auth.flow_state (id, user_id, auth_code, code_challenge_method, code_challenge, provider_type, provider_access_token, provider_refresh_token, created_at, updated_at, authentication_method, auth_code_issued_at, invite_token, referrer, oauth_client_state_id, linking_target_id, email_optional) FROM stdin;
\.


--
-- TOC entry 4292 (class 0 OID 16684)
-- Dependencies: 349
-- Data for Name: identities; Type: TABLE DATA; Schema: auth; Owner: supabase_auth_admin
--

COPY auth.identities (provider_id, user_id, identity_data, provider, last_sign_in_at, created_at, updated_at, id) FROM stdin;
c5413e46-0808-4e9c-8c17-322f6c756504	c5413e46-0808-4e9c-8c17-322f6c756504	{"sub": "c5413e46-0808-4e9c-8c17-322f6c756504", "email": "zhm.othman@gmail.com", "email_verified": false, "phone_verified": false}	email	2026-04-15 17:29:35.945048+00	2026-04-15 17:29:35.945103+00	2026-04-15 17:29:35.945103+00	4557c8e6-748c-46ef-9518-a1b6c3ed92ad
d7707fd8-61ce-4667-9681-cc32c9a9d858	d7707fd8-61ce-4667-9681-cc32c9a9d858	{"sub": "d7707fd8-61ce-4667-9681-cc32c9a9d858", "email": "zhm.othman91@gmail.com", "email_verified": false, "phone_verified": false}	email	2026-04-15 17:34:38.27515+00	2026-04-15 17:34:38.275209+00	2026-04-15 17:34:38.275209+00	ac383a6c-9aae-4f5f-afa9-d7455484b54f
3486de00-730f-4607-a496-1ac071d8cc2f	3486de00-730f-4607-a496-1ac071d8cc2f	{"sub": "3486de00-730f-4607-a496-1ac071d8cc2f", "role": "customer", "email": "zhm.othman3@gmail.com", "email_verified": false, "phone_verified": false}	email	2026-04-15 19:50:54.142748+00	2026-04-15 19:50:54.142796+00	2026-04-15 19:50:54.142796+00	2882c70f-f463-4609-90a0-91d7d028b4e8
2da68ffe-3c03-48c3-b36d-41ba8bfb216c	2da68ffe-3c03-48c3-b36d-41ba8bfb216c	{"sub": "2da68ffe-3c03-48c3-b36d-41ba8bfb216c", "role": "customer", "email": "zhm.othman4@gmail.com", "email_verified": false, "phone_verified": false}	email	2026-04-15 19:52:23.750236+00	2026-04-15 19:52:23.750283+00	2026-04-15 19:52:23.750283+00	e2e13658-fe62-474d-9b04-d6f8c54671a5
4ec2a05e-348b-40b6-a638-ab2ebe451dd5	4ec2a05e-348b-40b6-a638-ab2ebe451dd5	{"sub": "4ec2a05e-348b-40b6-a638-ab2ebe451dd5", "role": "customer", "email": "zhm.othman5@gmail.com", "email_verified": false, "phone_verified": false}	email	2026-04-15 19:54:17.625635+00	2026-04-15 19:54:17.625684+00	2026-04-15 19:54:17.625684+00	c3930911-5910-46e7-9e2a-6e1663e4ad40
b00b3005-b571-4f2f-ac9d-933fa1c91bcf	b00b3005-b571-4f2f-ac9d-933fa1c91bcf	{"sub": "b00b3005-b571-4f2f-ac9d-933fa1c91bcf", "email": "ats@murshed.com", "email_verified": false, "phone_verified": false}	email	2026-04-15 22:34:38.039931+00	2026-04-15 22:34:38.039992+00	2026-04-15 22:34:38.039992+00	13efcc9e-d7c1-4dde-bce2-59db724dc1b4
c6782ae1-0950-4094-9bd8-f332e7e1ca8a	c6782ae1-0950-4094-9bd8-f332e7e1ca8a	{"sub": "c6782ae1-0950-4094-9bd8-f332e7e1ca8a", "role": "admin", "email": "adam@mail.com", "email_verified": false, "phone_verified": false}	email	2026-04-19 08:19:14.772515+00	2026-04-19 08:19:14.772562+00	2026-04-19 08:19:14.772562+00	f07d3bbd-005a-498c-9f0d-02ab51b72f25
\.


--
-- TOC entry 4289 (class 0 OID 16522)
-- Dependencies: 343
-- Data for Name: instances; Type: TABLE DATA; Schema: auth; Owner: supabase_auth_admin
--

COPY auth.instances (id, uuid, raw_base_config, created_at, updated_at) FROM stdin;
\.


--
-- TOC entry 4296 (class 0 OID 16774)
-- Dependencies: 353
-- Data for Name: mfa_amr_claims; Type: TABLE DATA; Schema: auth; Owner: supabase_auth_admin
--

COPY auth.mfa_amr_claims (session_id, created_at, updated_at, authentication_method, id) FROM stdin;
c294f3b8-be55-4db7-8725-86d706e672dd	2026-04-19 09:06:06.079198+00	2026-04-19 09:06:06.079198+00	password	bb0919ed-0b75-4635-9217-64724da3ae52
8334281a-0eb8-4f14-a76b-bcc89f83517f	2026-04-15 19:50:54.156865+00	2026-04-15 19:50:54.156865+00	password	77f564ac-acbd-4960-a53f-ab0819d871e2
22335c14-4eed-4c94-801b-dc9e263b52d6	2026-04-15 19:52:23.759884+00	2026-04-15 19:52:23.759884+00	password	4f12ce71-4911-4853-861b-0dddbac4e6c9
\.


--
-- TOC entry 4295 (class 0 OID 16762)
-- Dependencies: 352
-- Data for Name: mfa_challenges; Type: TABLE DATA; Schema: auth; Owner: supabase_auth_admin
--

COPY auth.mfa_challenges (id, factor_id, created_at, verified_at, ip_address, otp_code, web_authn_session_data) FROM stdin;
\.


--
-- TOC entry 4294 (class 0 OID 16749)
-- Dependencies: 351
-- Data for Name: mfa_factors; Type: TABLE DATA; Schema: auth; Owner: supabase_auth_admin
--

COPY auth.mfa_factors (id, user_id, friendly_name, factor_type, status, created_at, updated_at, secret, phone, last_challenged_at, web_authn_credential, web_authn_aaguid, last_webauthn_challenge_data) FROM stdin;
\.


--
-- TOC entry 4304 (class 0 OID 16999)
-- Dependencies: 361
-- Data for Name: oauth_authorizations; Type: TABLE DATA; Schema: auth; Owner: supabase_auth_admin
--

COPY auth.oauth_authorizations (id, authorization_id, client_id, user_id, redirect_uri, scope, state, resource, code_challenge, code_challenge_method, response_type, status, authorization_code, created_at, expires_at, approved_at, nonce) FROM stdin;
\.


--
-- TOC entry 4306 (class 0 OID 17072)
-- Dependencies: 363
-- Data for Name: oauth_client_states; Type: TABLE DATA; Schema: auth; Owner: supabase_auth_admin
--

COPY auth.oauth_client_states (id, provider_type, code_verifier, created_at) FROM stdin;
\.


--
-- TOC entry 4303 (class 0 OID 16969)
-- Dependencies: 360
-- Data for Name: oauth_clients; Type: TABLE DATA; Schema: auth; Owner: supabase_auth_admin
--

COPY auth.oauth_clients (id, client_secret_hash, registration_type, redirect_uris, grant_types, client_name, client_uri, logo_uri, created_at, updated_at, deleted_at, client_type, token_endpoint_auth_method) FROM stdin;
\.


--
-- TOC entry 4305 (class 0 OID 17032)
-- Dependencies: 362
-- Data for Name: oauth_consents; Type: TABLE DATA; Schema: auth; Owner: supabase_auth_admin
--

COPY auth.oauth_consents (id, user_id, client_id, scopes, granted_at, revoked_at) FROM stdin;
\.


--
-- TOC entry 4302 (class 0 OID 16937)
-- Dependencies: 359
-- Data for Name: one_time_tokens; Type: TABLE DATA; Schema: auth; Owner: supabase_auth_admin
--

COPY auth.one_time_tokens (id, user_id, token_type, token_hash, relates_to, created_at, updated_at) FROM stdin;
\.


--
-- TOC entry 4288 (class 0 OID 16511)
-- Dependencies: 342
-- Data for Name: refresh_tokens; Type: TABLE DATA; Schema: auth; Owner: supabase_auth_admin
--

COPY auth.refresh_tokens (instance_id, id, token, user_id, revoked, created_at, updated_at, parent, session_id) FROM stdin;
00000000-0000-0000-0000-000000000000	64	ah3egnqdnsyo	b00b3005-b571-4f2f-ac9d-933fa1c91bcf	f	2026-04-19 09:06:06.061327+00	2026-04-19 09:06:06.061327+00	\N	c294f3b8-be55-4db7-8725-86d706e672dd
00000000-0000-0000-0000-000000000000	34	4ntkrzxmkrlq	3486de00-730f-4607-a496-1ac071d8cc2f	f	2026-04-15 19:50:54.154618+00	2026-04-15 19:50:54.154618+00	\N	8334281a-0eb8-4f14-a76b-bcc89f83517f
00000000-0000-0000-0000-000000000000	35	46qx4pmbuenw	2da68ffe-3c03-48c3-b36d-41ba8bfb216c	f	2026-04-15 19:52:23.757989+00	2026-04-15 19:52:23.757989+00	\N	22335c14-4eed-4c94-801b-dc9e263b52d6
\.


--
-- TOC entry 4299 (class 0 OID 16816)
-- Dependencies: 356
-- Data for Name: saml_providers; Type: TABLE DATA; Schema: auth; Owner: supabase_auth_admin
--

COPY auth.saml_providers (id, sso_provider_id, entity_id, metadata_xml, metadata_url, attribute_mapping, created_at, updated_at, name_id_format) FROM stdin;
\.


--
-- TOC entry 4300 (class 0 OID 16834)
-- Dependencies: 357
-- Data for Name: saml_relay_states; Type: TABLE DATA; Schema: auth; Owner: supabase_auth_admin
--

COPY auth.saml_relay_states (id, sso_provider_id, request_id, for_email, redirect_to, created_at, updated_at, flow_state_id) FROM stdin;
\.


--
-- TOC entry 4291 (class 0 OID 16537)
-- Dependencies: 345
-- Data for Name: schema_migrations; Type: TABLE DATA; Schema: auth; Owner: supabase_auth_admin
--

COPY auth.schema_migrations (version) FROM stdin;
20171026211738
20171026211808
20171026211834
20180103212743
20180108183307
20180119214651
20180125194653
00
20210710035447
20210722035447
20210730183235
20210909172000
20210927181326
20211122151130
20211124214934
20211202183645
20220114185221
20220114185340
20220224000811
20220323170000
20220429102000
20220531120530
20220614074223
20220811173540
20221003041349
20221003041400
20221011041400
20221020193600
20221021073300
20221021082433
20221027105023
20221114143122
20221114143410
20221125140132
20221208132122
20221215195500
20221215195800
20221215195900
20230116124310
20230116124412
20230131181311
20230322519590
20230402418590
20230411005111
20230508135423
20230523124323
20230818113222
20230914180801
20231027141322
20231114161723
20231117164230
20240115144230
20240214120130
20240306115329
20240314092811
20240427152123
20240612123726
20240729123726
20240802193726
20240806073726
20241009103726
20250717082212
20250731150234
20250804100000
20250901200500
20250903112500
20250904133000
20250925093508
20251007112900
20251104100000
20251111201300
20251201000000
20260115000000
20260121000000
20260219120000
20260302000000
\.


--
-- TOC entry 4293 (class 0 OID 16714)
-- Dependencies: 350
-- Data for Name: sessions; Type: TABLE DATA; Schema: auth; Owner: supabase_auth_admin
--

COPY auth.sessions (id, user_id, created_at, updated_at, factor_id, aal, not_after, refreshed_at, user_agent, ip, tag, oauth_client_id, refresh_token_hmac_key, refresh_token_counter, scopes) FROM stdin;
c294f3b8-be55-4db7-8725-86d706e672dd	b00b3005-b571-4f2f-ac9d-933fa1c91bcf	2026-04-19 09:06:06.040002+00	2026-04-19 09:06:06.040002+00	\N	aal1	\N	\N	Mozilla/5.0 (X11; Linux x86_64) AppleWebKit/537.36 (KHTML, like Gecko) Chrome/147.0.0.0 Safari/537.36	83.188.250.54	\N	\N	\N	\N	\N
8334281a-0eb8-4f14-a76b-bcc89f83517f	3486de00-730f-4607-a496-1ac071d8cc2f	2026-04-15 19:50:54.152617+00	2026-04-15 19:50:54.152617+00	\N	aal1	\N	\N	Mozilla/5.0 (Windows NT 10.0; Win64; x64) AppleWebKit/537.36 (KHTML, like Gecko) Chrome/147.0.0.0 Safari/537.36	83.177.222.164	\N	\N	\N	\N	\N
22335c14-4eed-4c94-801b-dc9e263b52d6	2da68ffe-3c03-48c3-b36d-41ba8bfb216c	2026-04-15 19:52:23.756614+00	2026-04-15 19:52:23.756614+00	\N	aal1	\N	\N	Mozilla/5.0 (Windows NT 10.0; Win64; x64) AppleWebKit/537.36 (KHTML, like Gecko) Chrome/147.0.0.0 Safari/537.36	83.177.222.164	\N	\N	\N	\N	\N
\.


--
-- TOC entry 4298 (class 0 OID 16801)
-- Dependencies: 355
-- Data for Name: sso_domains; Type: TABLE DATA; Schema: auth; Owner: supabase_auth_admin
--

COPY auth.sso_domains (id, sso_provider_id, domain, created_at, updated_at) FROM stdin;
\.


--
-- TOC entry 4297 (class 0 OID 16792)
-- Dependencies: 354
-- Data for Name: sso_providers; Type: TABLE DATA; Schema: auth; Owner: supabase_auth_admin
--

COPY auth.sso_providers (id, resource_id, created_at, updated_at, disabled) FROM stdin;
\.


--
-- TOC entry 4286 (class 0 OID 16499)
-- Dependencies: 340
-- Data for Name: users; Type: TABLE DATA; Schema: auth; Owner: supabase_auth_admin
--

COPY auth.users (instance_id, id, aud, role, email, encrypted_password, email_confirmed_at, invited_at, confirmation_token, confirmation_sent_at, recovery_token, recovery_sent_at, email_change_token_new, email_change, email_change_sent_at, last_sign_in_at, raw_app_meta_data, raw_user_meta_data, is_super_admin, created_at, updated_at, phone, phone_confirmed_at, phone_change, phone_change_token, phone_change_sent_at, email_change_token_current, email_change_confirm_status, banned_until, reauthentication_token, reauthentication_sent_at, is_sso_user, deleted_at, is_anonymous) FROM stdin;
00000000-0000-0000-0000-000000000000	2da68ffe-3c03-48c3-b36d-41ba8bfb216c	authenticated	authenticated	zhm.othman4@gmail.com	$2a$10$vX0v3.ZDcII8VH8/KNtm4OAmhoP/pmuSKW3uKtHqOzS1yE3S7GMG2	2026-04-15 19:52:23.752989+00	\N		\N		\N			\N	2026-04-15 19:52:23.756475+00	{"provider": "email", "providers": ["email"]}	{"sub": "2da68ffe-3c03-48c3-b36d-41ba8bfb216c", "role": "customer", "email": "zhm.othman4@gmail.com", "email_verified": true, "phone_verified": false}	\N	2026-04-15 19:52:23.745414+00	2026-04-15 19:52:23.75934+00	\N	\N			\N		0	\N		\N	f	\N	f
00000000-0000-0000-0000-000000000000	3486de00-730f-4607-a496-1ac071d8cc2f	authenticated	authenticated	zhm.othman3@gmail.com	$2a$10$aomOC.CG96BcQt.6MKUpeugHkw.NyLIZxyhtUzLSmbjIM/jZaXgSy	2026-04-15 19:50:54.14701+00	\N		\N		\N			\N	2026-04-15 19:50:54.152518+00	{"provider": "email", "providers": ["email"]}	{"sub": "3486de00-730f-4607-a496-1ac071d8cc2f", "role": "customer", "email": "zhm.othman3@gmail.com", "email_verified": true, "phone_verified": false}	\N	2026-04-15 19:50:54.129686+00	2026-04-15 19:50:54.156313+00	\N	\N			\N		0	\N		\N	f	\N	f
00000000-0000-0000-0000-000000000000	d7707fd8-61ce-4667-9681-cc32c9a9d858	authenticated	authenticated	zhm.othman91@gmail.com	$2a$10$dyWopwt8btPvW.yEJrcRjuM6cM6VnRGoQQaGwriEldmxF0O8fqv0.	2026-04-15 17:34:38.27797+00	\N		\N		\N			\N	2026-04-15 20:10:43.538904+00	{"provider": "email", "providers": ["email"]}	{"email_verified": true}	\N	2026-04-15 17:34:38.26579+00	2026-04-15 20:10:43.562524+00	\N	\N			\N		0	\N		\N	f	\N	f
00000000-0000-0000-0000-000000000000	c5413e46-0808-4e9c-8c17-322f6c756504	authenticated	authenticated	zhm.othman@gmail.com	$2a$10$KTU3Szy3zgsHOHQ4el1DCuHNBZ87RlARYw5.FfwO3Ryfs4mES53qu	2026-04-15 17:50:16.931681+00	\N		\N		2026-04-15 17:50:16.962506+00			\N	2026-04-16 06:29:54.91972+00	{"provider": "email", "providers": ["email"]}	{"email_verified": true}	\N	2026-04-15 17:29:35.938876+00	2026-04-16 07:53:55.885258+00	\N	\N			\N		0	\N		\N	f	\N	f
00000000-0000-0000-0000-000000000000	4ec2a05e-348b-40b6-a638-ab2ebe451dd5	authenticated	authenticated	zhm.othman5@gmail.com	$2a$10$7cUZYCjkvAIX4Bgfj4jaj.AaY3foBUWoUArgUDrWRQHMRGSxBDAIC	2026-04-15 19:54:17.635764+00	\N		\N		\N			\N	2026-04-19 08:22:21.576339+00	{"provider": "email", "providers": ["email"]}	{"sub": "4ec2a05e-348b-40b6-a638-ab2ebe451dd5", "role": "customer", "email": "zhm.othman5@gmail.com", "email_verified": true, "phone_verified": false}	\N	2026-04-15 19:54:17.601546+00	2026-04-19 08:22:21.589117+00	\N	\N			\N		0	\N		\N	f	\N	f
00000000-0000-0000-0000-000000000000	b00b3005-b571-4f2f-ac9d-933fa1c91bcf	authenticated	authenticated	ats@murshed.com	$2a$10$UoI9R5YJ8CNuyVCHwGKjjudWDXTdXzy7/P6ccs1gUhmr/D4mP0t7q	2026-04-15 22:34:38.04536+00	\N		\N		\N			\N	2026-04-19 09:06:06.039899+00	{"provider": "email", "providers": ["email"]}	{"email_verified": true}	\N	2026-04-15 22:34:38.02993+00	2026-04-19 09:06:06.074653+00	\N	\N			\N		0	\N		\N	f	\N	f
00000000-0000-0000-0000-000000000000	c6782ae1-0950-4094-9bd8-f332e7e1ca8a	authenticated	authenticated	adam@mail.com	$2a$10$n4K6qRTarDa1rwko0tskwu0QWj7XroI8l0d90Nb2RBrEzgTVE/dS2	2026-04-19 08:19:14.779606+00	\N		\N		\N			\N	2026-04-19 08:19:47.328982+00	{"provider": "email", "providers": ["email"]}	{"sub": "c6782ae1-0950-4094-9bd8-f332e7e1ca8a", "role": "admin", "email": "adam@mail.com", "email_verified": true, "phone_verified": false}	\N	2026-04-19 08:19:14.735547+00	2026-04-19 08:19:47.33136+00	\N	\N			\N		0	\N		\N	f	\N	f
\.


--
-- TOC entry 4309 (class 0 OID 17147)
-- Dependencies: 366
-- Data for Name: webauthn_challenges; Type: TABLE DATA; Schema: auth; Owner: supabase_auth_admin
--

COPY auth.webauthn_challenges (id, user_id, challenge_type, session_data, created_at, expires_at) FROM stdin;
\.


--
-- TOC entry 4308 (class 0 OID 17124)
-- Dependencies: 365
-- Data for Name: webauthn_credentials; Type: TABLE DATA; Schema: auth; Owner: supabase_auth_admin
--

COPY auth.webauthn_credentials (id, user_id, credential_id, public_key, attestation_type, aaguid, sign_count, transports, backup_eligible, backed_up, friendly_name, created_at, updated_at, last_used_at) FROM stdin;
\.


--
-- TOC entry 4324 (class 0 OID 17771)
-- Dependencies: 385
-- Data for Name: candidates; Type: TABLE DATA; Schema: public; Owner: postgres
--

COPY public.candidates (id, created_at, full_name, email, phone, summary, status, stage_order, ai_score, ai_evaluation_notes, resume_url, job_id, updated_at) FROM stdin;
610c7def-3b93-44c3-80d0-8a69dc351d0e	2026-04-15 20:36:37.508903+00	‪Murshed Othman‬‏	zhm.othman@gmail.com	3243243	\N	offered	0	0	\N	\N	d0bde289-541a-47b6-bb25-11935e5a7c16	2026-04-15 20:36:36.182+00
\.


--
-- TOC entry 4321 (class 0 OID 17725)
-- Dependencies: 382
-- Data for Name: companies; Type: TABLE DATA; Schema: public; Owner: postgres
--

COPY public.companies (id, name, website_url, industry, location, description, company_size) FROM stdin;
f244938f-4c62-48d2-886f-d5e232e5ccbd	google	\N	\N	\N	\N	\N
c71b3c32-9494-4a45-9a57-27c2d2afac38	asdfsdf	sdaf	sdaf	sadf	asdf	1-10
\.


--
-- TOC entry 4323 (class 0 OID 17753)
-- Dependencies: 384
-- Data for Name: jobs; Type: TABLE DATA; Schema: public; Owner: postgres
--

COPY public.jobs (id, created_at, title, description, location, job_type, salary_range, status, customer_id, updated_at, company_id) FROM stdin;
d0bde289-541a-47b6-bb25-11935e5a7c16	2026-04-15 20:36:25.842005+00	ux	sdfsdf	Stockholm 	Full-time	32423	active	d7707fd8-61ce-4667-9681-cc32c9a9d858	2026-04-15 20:36:25.842005+00	f244938f-4c62-48d2-886f-d5e232e5ccbd
f58d845b-cb3c-4eef-a36a-ca65256da019	2026-04-15 21:12:58.489382+00	SDFSDF	sdfasdf	Stockholm 	Part-time	34234234	active	3486de00-730f-4607-a496-1ac071d8cc2f	2026-04-15 21:12:58.489382+00	c71b3c32-9494-4a45-9a57-27c2d2afac38
\.


--
-- TOC entry 4325 (class 0 OID 17794)
-- Dependencies: 386
-- Data for Name: notes; Type: TABLE DATA; Schema: public; Owner: postgres
--

COPY public.notes (id, candidate_id, content, created_at) FROM stdin;
\.


--
-- TOC entry 4322 (class 0 OID 17733)
-- Dependencies: 383
-- Data for Name: profiles; Type: TABLE DATA; Schema: public; Owner: postgres
--

COPY public.profiles (id, full_name, company_id, phone, avatar_url, role, updated_at, email) FROM stdin;
d7707fd8-61ce-4667-9681-cc32c9a9d858	New User	f244938f-4c62-48d2-886f-d5e232e5ccbd	234324324	\N	customer	2026-04-15 17:34:38.26542+00	\N
c5413e46-0808-4e9c-8c17-322f6c756504	Murshed	f244938f-4c62-48d2-886f-d5e232e5ccbd	38745348975348	\N	admin	2026-04-15 17:30:57+00	\N
3486de00-730f-4607-a496-1ac071d8cc2f	sdfgafsd	c71b3c32-9494-4a45-9a57-27c2d2afac38	\N	\N	customer	2026-04-15 19:50:54.129362+00	\N
4ec2a05e-348b-40b6-a638-ab2ebe451dd5	user5	c71b3c32-9494-4a45-9a57-27c2d2afac38	\N	\N	customer	2026-04-15 19:54:17.600537+00	zhm.othman5@gmail.com
2da68ffe-3c03-48c3-b36d-41ba8bfb216c	Murshed	\N	\N	\N	customer	2026-04-15 19:52:23.745069+00	\N
b00b3005-b571-4f2f-ac9d-933fa1c91bcf	Admin	\N	\N	\N	admin	2026-04-15 22:34:38.029587+00	\N
c6782ae1-0950-4094-9bd8-f332e7e1ca8a	adam	\N	\N	\N	admin	2026-04-19 08:19:14.735125+00	adam@mail.com
\.


--
-- TOC entry 4310 (class 0 OID 17172)
-- Dependencies: 367
-- Data for Name: schema_migrations; Type: TABLE DATA; Schema: realtime; Owner: supabase_admin
--

COPY realtime.schema_migrations (version, inserted_at) FROM stdin;
20211116024918	2026-04-15 11:28:31
20211116045059	2026-04-15 11:28:31
20211116050929	2026-04-15 11:28:31
20211116051442	2026-04-15 11:28:31
20211116212300	2026-04-15 11:28:31
20211116213355	2026-04-15 11:28:31
20211116213934	2026-04-15 11:28:31
20211116214523	2026-04-15 11:28:31
20211122062447	2026-04-15 11:28:31
20211124070109	2026-04-15 11:28:31
20211202204204	2026-04-15 11:28:31
20211202204605	2026-04-15 11:28:31
20211210212804	2026-04-15 11:28:31
20211228014915	2026-04-15 11:28:31
20220107221237	2026-04-15 11:28:31
20220228202821	2026-04-15 11:28:31
20220312004840	2026-04-15 11:28:31
20220603231003	2026-04-15 11:28:31
20220603232444	2026-04-15 11:28:31
20220615214548	2026-04-15 11:28:32
20220712093339	2026-04-15 11:28:32
20220908172859	2026-04-15 11:28:32
20220916233421	2026-04-15 11:28:32
20230119133233	2026-04-15 11:28:32
20230128025114	2026-04-15 11:28:32
20230128025212	2026-04-15 11:28:32
20230227211149	2026-04-15 11:28:32
20230228184745	2026-04-15 11:28:32
20230308225145	2026-04-15 11:28:32
20230328144023	2026-04-15 11:28:32
20231018144023	2026-04-15 11:28:32
20231204144023	2026-04-15 11:28:32
20231204144024	2026-04-15 11:28:32
20231204144025	2026-04-15 11:28:32
20240108234812	2026-04-15 11:28:32
20240109165339	2026-04-15 11:28:32
20240227174441	2026-04-15 11:28:32
20240311171622	2026-04-15 11:28:32
20240321100241	2026-04-15 11:28:32
20240401105812	2026-04-15 11:28:32
20240418121054	2026-04-15 11:28:32
20240523004032	2026-04-15 11:28:32
20240618124746	2026-04-15 11:28:32
20240801235015	2026-04-15 11:28:32
20240805133720	2026-04-15 11:28:32
20240827160934	2026-04-15 11:28:32
20240919163303	2026-04-15 11:28:32
20240919163305	2026-04-15 11:28:32
20241019105805	2026-04-15 11:28:32
20241030150047	2026-04-15 11:28:32
20241108114728	2026-04-15 11:28:32
20241121104152	2026-04-15 11:28:32
20241130184212	2026-04-15 11:28:32
20241220035512	2026-04-15 11:28:32
20241220123912	2026-04-15 11:28:32
20241224161212	2026-04-15 11:28:32
20250107150512	2026-04-15 11:28:32
20250110162412	2026-04-15 11:28:32
20250123174212	2026-04-15 11:28:32
20250128220012	2026-04-15 11:28:32
20250506224012	2026-04-15 11:28:32
20250523164012	2026-04-15 11:28:32
20250714121412	2026-04-15 11:28:32
20250905041441	2026-04-15 11:28:32
20251103001201	2026-04-15 11:28:32
20251120212548	2026-04-15 11:28:32
20251120215549	2026-04-15 11:28:32
20260218120000	2026-04-15 11:28:32
20260326120000	2026-04-15 11:28:32
\.


--
-- TOC entry 4312 (class 0 OID 17195)
-- Dependencies: 370
-- Data for Name: subscription; Type: TABLE DATA; Schema: realtime; Owner: supabase_admin
--

COPY realtime.subscription (id, subscription_id, entity, filters, claims, created_at, action_filter) FROM stdin;
\.


--
-- TOC entry 4314 (class 0 OID 17365)
-- Dependencies: 375
-- Data for Name: buckets; Type: TABLE DATA; Schema: storage; Owner: supabase_storage_admin
--

COPY storage.buckets (id, name, owner, created_at, updated_at, public, avif_autodetection, file_size_limit, allowed_mime_types, owner_id, type) FROM stdin;
\.


--
-- TOC entry 4318 (class 0 OID 17484)
-- Dependencies: 379
-- Data for Name: buckets_analytics; Type: TABLE DATA; Schema: storage; Owner: supabase_storage_admin
--

COPY storage.buckets_analytics (name, type, format, created_at, updated_at, id, deleted_at) FROM stdin;
\.


--
-- TOC entry 4319 (class 0 OID 17497)
-- Dependencies: 380
-- Data for Name: buckets_vectors; Type: TABLE DATA; Schema: storage; Owner: supabase_storage_admin
--

COPY storage.buckets_vectors (id, type, created_at, updated_at) FROM stdin;
\.


--
-- TOC entry 4313 (class 0 OID 17357)
-- Dependencies: 374
-- Data for Name: migrations; Type: TABLE DATA; Schema: storage; Owner: supabase_storage_admin
--

COPY storage.migrations (id, name, hash, executed_at) FROM stdin;
0	create-migrations-table	e18db593bcde2aca2a408c4d1100f6abba2195df	2026-04-15 11:28:42.050702
1	initialmigration	6ab16121fbaa08bbd11b712d05f358f9b555d777	2026-04-15 11:28:42.057537
2	storage-schema	f6a1fa2c93cbcd16d4e487b362e45fca157a8dbd	2026-04-15 11:28:42.06174
3	pathtoken-column	2cb1b0004b817b29d5b0a971af16bafeede4b70d	2026-04-15 11:28:42.076729
4	add-migrations-rls	427c5b63fe1c5937495d9c635c263ee7a5905058	2026-04-15 11:28:42.085931
5	add-size-functions	79e081a1455b63666c1294a440f8ad4b1e6a7f84	2026-04-15 11:28:42.089148
6	change-column-name-in-get-size	ded78e2f1b5d7e616117897e6443a925965b30d2	2026-04-15 11:28:42.093402
7	add-rls-to-buckets	e7e7f86adbc51049f341dfe8d30256c1abca17aa	2026-04-15 11:28:42.097594
8	add-public-to-buckets	fd670db39ed65f9d08b01db09d6202503ca2bab3	2026-04-15 11:28:42.100873
9	fix-search-function	af597a1b590c70519b464a4ab3be54490712796b	2026-04-15 11:28:42.104415
10	search-files-search-function	b595f05e92f7e91211af1bbfe9c6a13bb3391e16	2026-04-15 11:28:42.108663
11	add-trigger-to-auto-update-updated_at-column	7425bdb14366d1739fa8a18c83100636d74dcaa2	2026-04-15 11:28:42.112303
12	add-automatic-avif-detection-flag	8e92e1266eb29518b6a4c5313ab8f29dd0d08df9	2026-04-15 11:28:42.116156
13	add-bucket-custom-limits	cce962054138135cd9a8c4bcd531598684b25e7d	2026-04-15 11:28:42.119667
14	use-bytes-for-max-size	941c41b346f9802b411f06f30e972ad4744dad27	2026-04-15 11:28:42.123144
15	add-can-insert-object-function	934146bc38ead475f4ef4b555c524ee5d66799e5	2026-04-15 11:28:42.144699
16	add-version	76debf38d3fd07dcfc747ca49096457d95b1221b	2026-04-15 11:28:42.148285
17	drop-owner-foreign-key	f1cbb288f1b7a4c1eb8c38504b80ae2a0153d101	2026-04-15 11:28:42.151732
18	add_owner_id_column_deprecate_owner	e7a511b379110b08e2f214be852c35414749fe66	2026-04-15 11:28:42.155031
19	alter-default-value-objects-id	02e5e22a78626187e00d173dc45f58fa66a4f043	2026-04-15 11:28:42.160071
20	list-objects-with-delimiter	cd694ae708e51ba82bf012bba00caf4f3b6393b7	2026-04-15 11:28:42.164135
21	s3-multipart-uploads	8c804d4a566c40cd1e4cc5b3725a664a9303657f	2026-04-15 11:28:42.169091
22	s3-multipart-uploads-big-ints	9737dc258d2397953c9953d9b86920b8be0cdb73	2026-04-15 11:28:42.180007
23	optimize-search-function	9d7e604cddc4b56a5422dc68c9313f4a1b6f132c	2026-04-15 11:28:42.188464
24	operation-function	8312e37c2bf9e76bbe841aa5fda889206d2bf8aa	2026-04-15 11:28:42.191951
25	custom-metadata	d974c6057c3db1c1f847afa0e291e6165693b990	2026-04-15 11:28:42.195495
26	objects-prefixes	215cabcb7f78121892a5a2037a09fedf9a1ae322	2026-04-15 11:28:42.199964
27	search-v2	859ba38092ac96eb3964d83bf53ccc0b141663a6	2026-04-15 11:28:42.203265
28	object-bucket-name-sorting	c73a2b5b5d4041e39705814fd3a1b95502d38ce4	2026-04-15 11:28:42.206368
29	create-prefixes	ad2c1207f76703d11a9f9007f821620017a66c21	2026-04-15 11:28:42.209347
30	update-object-levels	2be814ff05c8252fdfdc7cfb4b7f5c7e17f0bed6	2026-04-15 11:28:42.212386
31	objects-level-index	b40367c14c3440ec75f19bbce2d71e914ddd3da0	2026-04-15 11:28:42.215441
32	backward-compatible-index-on-objects	e0c37182b0f7aee3efd823298fb3c76f1042c0f7	2026-04-15 11:28:42.218465
33	backward-compatible-index-on-prefixes	b480e99ed951e0900f033ec4eb34b5bdcb4e3d49	2026-04-15 11:28:42.221466
34	optimize-search-function-v1	ca80a3dc7bfef894df17108785ce29a7fc8ee456	2026-04-15 11:28:42.224412
35	add-insert-trigger-prefixes	458fe0ffd07ec53f5e3ce9df51bfdf4861929ccc	2026-04-15 11:28:42.227477
36	optimise-existing-functions	6ae5fca6af5c55abe95369cd4f93985d1814ca8f	2026-04-15 11:28:42.230437
37	add-bucket-name-length-trigger	3944135b4e3e8b22d6d4cbb568fe3b0b51df15c1	2026-04-15 11:28:42.233372
38	iceberg-catalog-flag-on-buckets	02716b81ceec9705aed84aa1501657095b32e5c5	2026-04-15 11:28:42.237309
39	add-search-v2-sort-support	6706c5f2928846abee18461279799ad12b279b78	2026-04-15 11:28:42.244237
40	fix-prefix-race-conditions-optimized	7ad69982ae2d372b21f48fc4829ae9752c518f6b	2026-04-15 11:28:42.247175
41	add-object-level-update-trigger	07fcf1a22165849b7a029deed059ffcde08d1ae0	2026-04-15 11:28:42.251331
42	rollback-prefix-triggers	771479077764adc09e2ea2043eb627503c034cd4	2026-04-15 11:28:42.254422
43	fix-object-level	84b35d6caca9d937478ad8a797491f38b8c2979f	2026-04-15 11:28:42.258455
44	vector-bucket-type	99c20c0ffd52bb1ff1f32fb992f3b351e3ef8fb3	2026-04-15 11:28:42.26158
45	vector-buckets	049e27196d77a7cb76497a85afae669d8b230953	2026-04-15 11:28:42.265573
46	buckets-objects-grants	fedeb96d60fefd8e02ab3ded9fbde05632f84aed	2026-04-15 11:28:42.274136
47	iceberg-table-metadata	649df56855c24d8b36dd4cc1aeb8251aa9ad42c2	2026-04-15 11:28:42.277953
48	iceberg-catalog-ids	e0e8b460c609b9999ccd0df9ad14294613eed939	2026-04-15 11:28:42.28132
49	buckets-objects-grants-postgres	072b1195d0d5a2f888af6b2302a1938dd94b8b3d	2026-04-15 11:28:42.294761
50	search-v2-optimised	6323ac4f850aa14e7387eb32102869578b5bd478	2026-04-15 11:28:42.29882
51	index-backward-compatible-search	2ee395d433f76e38bcd3856debaf6e0e5b674011	2026-04-15 11:28:42.318379
52	drop-not-used-indexes-and-functions	5cc44c8696749ac11dd0dc37f2a3802075f3a171	2026-04-15 11:28:42.320074
53	drop-index-lower-name	d0cb18777d9e2a98ebe0bc5cc7a42e57ebe41854	2026-04-15 11:28:42.330639
54	drop-index-object-level	6289e048b1472da17c31a7eba1ded625a6457e67	2026-04-15 11:28:42.333641
55	prevent-direct-deletes	262a4798d5e0f2e7c8970232e03ce8be695d5819	2026-04-15 11:28:42.335208
56	fix-optimized-search-function	cb58526ebc23048049fd5bf2fd148d18b04a2073	2026-04-15 11:28:42.339253
57	s3-multipart-uploads-metadata	f127886e00d1b374fadbc7c6b31e09336aad5287	2026-04-15 11:28:42.344125
58	operation-ergonomics	00ca5d483b3fe0d522133d9002ccc5df98365120	2026-04-15 11:28:42.3475
\.


--
-- TOC entry 4315 (class 0 OID 17375)
-- Dependencies: 376
-- Data for Name: objects; Type: TABLE DATA; Schema: storage; Owner: supabase_storage_admin
--

COPY storage.objects (id, bucket_id, name, owner, created_at, updated_at, last_accessed_at, metadata, version, owner_id, user_metadata) FROM stdin;
\.


--
-- TOC entry 4316 (class 0 OID 17424)
-- Dependencies: 377
-- Data for Name: s3_multipart_uploads; Type: TABLE DATA; Schema: storage; Owner: supabase_storage_admin
--

COPY storage.s3_multipart_uploads (id, in_progress_size, upload_signature, bucket_id, key, version, owner_id, created_at, user_metadata, metadata) FROM stdin;
\.


--
-- TOC entry 4317 (class 0 OID 17438)
-- Dependencies: 378
-- Data for Name: s3_multipart_uploads_parts; Type: TABLE DATA; Schema: storage; Owner: supabase_storage_admin
--

COPY storage.s3_multipart_uploads_parts (id, upload_id, size, part_number, bucket_id, key, etag, owner_id, version, created_at) FROM stdin;
\.


--
-- TOC entry 4320 (class 0 OID 17507)
-- Dependencies: 381
-- Data for Name: vector_indexes; Type: TABLE DATA; Schema: storage; Owner: supabase_storage_admin
--

COPY storage.vector_indexes (id, name, bucket_id, data_type, dimension, distance_metric, metadata_configuration, created_at, updated_at) FROM stdin;
\.


--
-- TOC entry 3729 (class 0 OID 16612)
-- Dependencies: 346
-- Data for Name: secrets; Type: TABLE DATA; Schema: vault; Owner: supabase_admin
--

COPY vault.secrets (id, name, description, secret, key_id, nonce, created_at, updated_at) FROM stdin;
\.


--
-- TOC entry 4499 (class 0 OID 0)
-- Dependencies: 341
-- Name: refresh_tokens_id_seq; Type: SEQUENCE SET; Schema: auth; Owner: supabase_auth_admin
--

SELECT pg_catalog.setval('auth.refresh_tokens_id_seq', 64, true);


--
-- TOC entry 4500 (class 0 OID 0)
-- Dependencies: 369
-- Name: subscription_id_seq; Type: SEQUENCE SET; Schema: realtime; Owner: supabase_admin
--

SELECT pg_catalog.setval('realtime.subscription_id_seq', 1, false);


--
-- TOC entry 3940 (class 2606 OID 16787)
-- Name: mfa_amr_claims amr_id_pk; Type: CONSTRAINT; Schema: auth; Owner: supabase_auth_admin
--

ALTER TABLE ONLY auth.mfa_amr_claims
    ADD CONSTRAINT amr_id_pk PRIMARY KEY (id);


--
-- TOC entry 3909 (class 2606 OID 16535)
-- Name: audit_log_entries audit_log_entries_pkey; Type: CONSTRAINT; Schema: auth; Owner: supabase_auth_admin
--

ALTER TABLE ONLY auth.audit_log_entries
    ADD CONSTRAINT audit_log_entries_pkey PRIMARY KEY (id);


--
-- TOC entry 3995 (class 2606 OID 17119)
-- Name: custom_oauth_providers custom_oauth_providers_identifier_key; Type: CONSTRAINT; Schema: auth; Owner: supabase_auth_admin
--

ALTER TABLE ONLY auth.custom_oauth_providers
    ADD CONSTRAINT custom_oauth_providers_identifier_key UNIQUE (identifier);


--
-- TOC entry 3997 (class 2606 OID 17117)
-- Name: custom_oauth_providers custom_oauth_providers_pkey; Type: CONSTRAINT; Schema: auth; Owner: supabase_auth_admin
--

ALTER TABLE ONLY auth.custom_oauth_providers
    ADD CONSTRAINT custom_oauth_providers_pkey PRIMARY KEY (id);


--
-- TOC entry 3963 (class 2606 OID 16893)
-- Name: flow_state flow_state_pkey; Type: CONSTRAINT; Schema: auth; Owner: supabase_auth_admin
--

ALTER TABLE ONLY auth.flow_state
    ADD CONSTRAINT flow_state_pkey PRIMARY KEY (id);


--
-- TOC entry 3918 (class 2606 OID 16911)
-- Name: identities identities_pkey; Type: CONSTRAINT; Schema: auth; Owner: supabase_auth_admin
--

ALTER TABLE ONLY auth.identities
    ADD CONSTRAINT identities_pkey PRIMARY KEY (id);


--
-- TOC entry 3920 (class 2606 OID 16921)
-- Name: identities identities_provider_id_provider_unique; Type: CONSTRAINT; Schema: auth; Owner: supabase_auth_admin
--

ALTER TABLE ONLY auth.identities
    ADD CONSTRAINT identities_provider_id_provider_unique UNIQUE (provider_id, provider);


--
-- TOC entry 3907 (class 2606 OID 16528)
-- Name: instances instances_pkey; Type: CONSTRAINT; Schema: auth; Owner: supabase_auth_admin
--

ALTER TABLE ONLY auth.instances
    ADD CONSTRAINT instances_pkey PRIMARY KEY (id);


--
-- TOC entry 3942 (class 2606 OID 16780)
-- Name: mfa_amr_claims mfa_amr_claims_session_id_authentication_method_pkey; Type: CONSTRAINT; Schema: auth; Owner: supabase_auth_admin
--

ALTER TABLE ONLY auth.mfa_amr_claims
    ADD CONSTRAINT mfa_amr_claims_session_id_authentication_method_pkey UNIQUE (session_id, authentication_method);


--
-- TOC entry 3938 (class 2606 OID 16768)
-- Name: mfa_challenges mfa_challenges_pkey; Type: CONSTRAINT; Schema: auth; Owner: supabase_auth_admin
--

ALTER TABLE ONLY auth.mfa_challenges
    ADD CONSTRAINT mfa_challenges_pkey PRIMARY KEY (id);


--
-- TOC entry 3930 (class 2606 OID 16961)
-- Name: mfa_factors mfa_factors_last_challenged_at_key; Type: CONSTRAINT; Schema: auth; Owner: supabase_auth_admin
--

ALTER TABLE ONLY auth.mfa_factors
    ADD CONSTRAINT mfa_factors_last_challenged_at_key UNIQUE (last_challenged_at);


--
-- TOC entry 3932 (class 2606 OID 16755)
-- Name: mfa_factors mfa_factors_pkey; Type: CONSTRAINT; Schema: auth; Owner: supabase_auth_admin
--

ALTER TABLE ONLY auth.mfa_factors
    ADD CONSTRAINT mfa_factors_pkey PRIMARY KEY (id);


--
-- TOC entry 3976 (class 2606 OID 17020)
-- Name: oauth_authorizations oauth_authorizations_authorization_code_key; Type: CONSTRAINT; Schema: auth; Owner: supabase_auth_admin
--

ALTER TABLE ONLY auth.oauth_authorizations
    ADD CONSTRAINT oauth_authorizations_authorization_code_key UNIQUE (authorization_code);


--
-- TOC entry 3978 (class 2606 OID 17018)
-- Name: oauth_authorizations oauth_authorizations_authorization_id_key; Type: CONSTRAINT; Schema: auth; Owner: supabase_auth_admin
--

ALTER TABLE ONLY auth.oauth_authorizations
    ADD CONSTRAINT oauth_authorizations_authorization_id_key UNIQUE (authorization_id);


--
-- TOC entry 3980 (class 2606 OID 17016)
-- Name: oauth_authorizations oauth_authorizations_pkey; Type: CONSTRAINT; Schema: auth; Owner: supabase_auth_admin
--

ALTER TABLE ONLY auth.oauth_authorizations
    ADD CONSTRAINT oauth_authorizations_pkey PRIMARY KEY (id);


--
-- TOC entry 3990 (class 2606 OID 17078)
-- Name: oauth_client_states oauth_client_states_pkey; Type: CONSTRAINT; Schema: auth; Owner: supabase_auth_admin
--

ALTER TABLE ONLY auth.oauth_client_states
    ADD CONSTRAINT oauth_client_states_pkey PRIMARY KEY (id);


--
-- TOC entry 3973 (class 2606 OID 16980)
-- Name: oauth_clients oauth_clients_pkey; Type: CONSTRAINT; Schema: auth; Owner: supabase_auth_admin
--

ALTER TABLE ONLY auth.oauth_clients
    ADD CONSTRAINT oauth_clients_pkey PRIMARY KEY (id);


--
-- TOC entry 3984 (class 2606 OID 17042)
-- Name: oauth_consents oauth_consents_pkey; Type: CONSTRAINT; Schema: auth; Owner: supabase_auth_admin
--

ALTER TABLE ONLY auth.oauth_consents
    ADD CONSTRAINT oauth_consents_pkey PRIMARY KEY (id);


--
-- TOC entry 3986 (class 2606 OID 17044)
-- Name: oauth_consents oauth_consents_user_client_unique; Type: CONSTRAINT; Schema: auth; Owner: supabase_auth_admin
--

ALTER TABLE ONLY auth.oauth_consents
    ADD CONSTRAINT oauth_consents_user_client_unique UNIQUE (user_id, client_id);


--
-- TOC entry 3967 (class 2606 OID 16946)
-- Name: one_time_tokens one_time_tokens_pkey; Type: CONSTRAINT; Schema: auth; Owner: supabase_auth_admin
--

ALTER TABLE ONLY auth.one_time_tokens
    ADD CONSTRAINT one_time_tokens_pkey PRIMARY KEY (id);


--
-- TOC entry 3901 (class 2606 OID 16518)
-- Name: refresh_tokens refresh_tokens_pkey; Type: CONSTRAINT; Schema: auth; Owner: supabase_auth_admin
--

ALTER TABLE ONLY auth.refresh_tokens
    ADD CONSTRAINT refresh_tokens_pkey PRIMARY KEY (id);


--
-- TOC entry 3904 (class 2606 OID 16697)
-- Name: refresh_tokens refresh_tokens_token_unique; Type: CONSTRAINT; Schema: auth; Owner: supabase_auth_admin
--

ALTER TABLE ONLY auth.refresh_tokens
    ADD CONSTRAINT refresh_tokens_token_unique UNIQUE (token);


--
-- TOC entry 3952 (class 2606 OID 16827)
-- Name: saml_providers saml_providers_entity_id_key; Type: CONSTRAINT; Schema: auth; Owner: supabase_auth_admin
--

ALTER TABLE ONLY auth.saml_providers
    ADD CONSTRAINT saml_providers_entity_id_key UNIQUE (entity_id);


--
-- TOC entry 3954 (class 2606 OID 16825)
-- Name: saml_providers saml_providers_pkey; Type: CONSTRAINT; Schema: auth; Owner: supabase_auth_admin
--

ALTER TABLE ONLY auth.saml_providers
    ADD CONSTRAINT saml_providers_pkey PRIMARY KEY (id);


--
-- TOC entry 3959 (class 2606 OID 16841)
-- Name: saml_relay_states saml_relay_states_pkey; Type: CONSTRAINT; Schema: auth; Owner: supabase_auth_admin
--

ALTER TABLE ONLY auth.saml_relay_states
    ADD CONSTRAINT saml_relay_states_pkey PRIMARY KEY (id);


--
-- TOC entry 3912 (class 2606 OID 16541)
-- Name: schema_migrations schema_migrations_pkey; Type: CONSTRAINT; Schema: auth; Owner: supabase_auth_admin
--

ALTER TABLE ONLY auth.schema_migrations
    ADD CONSTRAINT schema_migrations_pkey PRIMARY KEY (version);


--
-- TOC entry 3925 (class 2606 OID 16718)
-- Name: sessions sessions_pkey; Type: CONSTRAINT; Schema: auth; Owner: supabase_auth_admin
--

ALTER TABLE ONLY auth.sessions
    ADD CONSTRAINT sessions_pkey PRIMARY KEY (id);


--
-- TOC entry 3949 (class 2606 OID 16808)
-- Name: sso_domains sso_domains_pkey; Type: CONSTRAINT; Schema: auth; Owner: supabase_auth_admin
--

ALTER TABLE ONLY auth.sso_domains
    ADD CONSTRAINT sso_domains_pkey PRIMARY KEY (id);


--
-- TOC entry 3944 (class 2606 OID 16799)
-- Name: sso_providers sso_providers_pkey; Type: CONSTRAINT; Schema: auth; Owner: supabase_auth_admin
--

ALTER TABLE ONLY auth.sso_providers
    ADD CONSTRAINT sso_providers_pkey PRIMARY KEY (id);


--
-- TOC entry 3894 (class 2606 OID 16881)
-- Name: users users_phone_key; Type: CONSTRAINT; Schema: auth; Owner: supabase_auth_admin
--

ALTER TABLE ONLY auth.users
    ADD CONSTRAINT users_phone_key UNIQUE (phone);


--
-- TOC entry 3896 (class 2606 OID 16505)
-- Name: users users_pkey; Type: CONSTRAINT; Schema: auth; Owner: supabase_auth_admin
--

ALTER TABLE ONLY auth.users
    ADD CONSTRAINT users_pkey PRIMARY KEY (id);


--
-- TOC entry 4005 (class 2606 OID 17156)
-- Name: webauthn_challenges webauthn_challenges_pkey; Type: CONSTRAINT; Schema: auth; Owner: supabase_auth_admin
--

ALTER TABLE ONLY auth.webauthn_challenges
    ADD CONSTRAINT webauthn_challenges_pkey PRIMARY KEY (id);


--
-- TOC entry 4001 (class 2606 OID 17139)
-- Name: webauthn_credentials webauthn_credentials_pkey; Type: CONSTRAINT; Schema: auth; Owner: supabase_auth_admin
--

ALTER TABLE ONLY auth.webauthn_credentials
    ADD CONSTRAINT webauthn_credentials_pkey PRIMARY KEY (id);


--
-- TOC entry 4050 (class 2606 OID 17788)
-- Name: candidates candidates_email_job_id_key; Type: CONSTRAINT; Schema: public; Owner: postgres
--

ALTER TABLE ONLY public.candidates
    ADD CONSTRAINT candidates_email_job_id_key UNIQUE (email, job_id);


--
-- TOC entry 4052 (class 2606 OID 17786)
-- Name: candidates candidates_pkey; Type: CONSTRAINT; Schema: public; Owner: postgres
--

ALTER TABLE ONLY public.candidates
    ADD CONSTRAINT candidates_pkey PRIMARY KEY (id);


--
-- TOC entry 4043 (class 2606 OID 17732)
-- Name: companies companies_pkey; Type: CONSTRAINT; Schema: public; Owner: postgres
--

ALTER TABLE ONLY public.companies
    ADD CONSTRAINT companies_pkey PRIMARY KEY (id);


--
-- TOC entry 4048 (class 2606 OID 17764)
-- Name: jobs jobs_pkey; Type: CONSTRAINT; Schema: public; Owner: postgres
--

ALTER TABLE ONLY public.jobs
    ADD CONSTRAINT jobs_pkey PRIMARY KEY (id);


--
-- TOC entry 4057 (class 2606 OID 17802)
-- Name: notes notes_pkey; Type: CONSTRAINT; Schema: public; Owner: postgres
--

ALTER TABLE ONLY public.notes
    ADD CONSTRAINT notes_pkey PRIMARY KEY (id);


--
-- TOC entry 4045 (class 2606 OID 17742)
-- Name: profiles profiles_pkey; Type: CONSTRAINT; Schema: public; Owner: postgres
--

ALTER TABLE ONLY public.profiles
    ADD CONSTRAINT profiles_pkey PRIMARY KEY (id);


--
-- TOC entry 4015 (class 2606 OID 17349)
-- Name: messages messages_pkey; Type: CONSTRAINT; Schema: realtime; Owner: supabase_realtime_admin
--

ALTER TABLE ONLY realtime.messages
    ADD CONSTRAINT messages_pkey PRIMARY KEY (id, inserted_at);


--
-- TOC entry 4011 (class 2606 OID 17203)
-- Name: subscription pk_subscription; Type: CONSTRAINT; Schema: realtime; Owner: supabase_admin
--

ALTER TABLE ONLY realtime.subscription
    ADD CONSTRAINT pk_subscription PRIMARY KEY (id);


--
-- TOC entry 4008 (class 2606 OID 17176)
-- Name: schema_migrations schema_migrations_pkey; Type: CONSTRAINT; Schema: realtime; Owner: supabase_admin
--

ALTER TABLE ONLY realtime.schema_migrations
    ADD CONSTRAINT schema_migrations_pkey PRIMARY KEY (version);


--
-- TOC entry 4035 (class 2606 OID 17530)
-- Name: buckets_analytics buckets_analytics_pkey; Type: CONSTRAINT; Schema: storage; Owner: supabase_storage_admin
--

ALTER TABLE ONLY storage.buckets_analytics
    ADD CONSTRAINT buckets_analytics_pkey PRIMARY KEY (id);


--
-- TOC entry 4022 (class 2606 OID 17373)
-- Name: buckets buckets_pkey; Type: CONSTRAINT; Schema: storage; Owner: supabase_storage_admin
--

ALTER TABLE ONLY storage.buckets
    ADD CONSTRAINT buckets_pkey PRIMARY KEY (id);


--
-- TOC entry 4038 (class 2606 OID 17506)
-- Name: buckets_vectors buckets_vectors_pkey; Type: CONSTRAINT; Schema: storage; Owner: supabase_storage_admin
--

ALTER TABLE ONLY storage.buckets_vectors
    ADD CONSTRAINT buckets_vectors_pkey PRIMARY KEY (id);


--
-- TOC entry 4017 (class 2606 OID 17364)
-- Name: migrations migrations_name_key; Type: CONSTRAINT; Schema: storage; Owner: supabase_storage_admin
--

ALTER TABLE ONLY storage.migrations
    ADD CONSTRAINT migrations_name_key UNIQUE (name);


--
-- TOC entry 4019 (class 2606 OID 17362)
-- Name: migrations migrations_pkey; Type: CONSTRAINT; Schema: storage; Owner: supabase_storage_admin
--

ALTER TABLE ONLY storage.migrations
    ADD CONSTRAINT migrations_pkey PRIMARY KEY (id);


--
-- TOC entry 4028 (class 2606 OID 17385)
-- Name: objects objects_pkey; Type: CONSTRAINT; Schema: storage; Owner: supabase_storage_admin
--

ALTER TABLE ONLY storage.objects
    ADD CONSTRAINT objects_pkey PRIMARY KEY (id);


--
-- TOC entry 4033 (class 2606 OID 17447)
-- Name: s3_multipart_uploads_parts s3_multipart_uploads_parts_pkey; Type: CONSTRAINT; Schema: storage; Owner: supabase_storage_admin
--

ALTER TABLE ONLY storage.s3_multipart_uploads_parts
    ADD CONSTRAINT s3_multipart_uploads_parts_pkey PRIMARY KEY (id);


--
-- TOC entry 4031 (class 2606 OID 17432)
-- Name: s3_multipart_uploads s3_multipart_uploads_pkey; Type: CONSTRAINT; Schema: storage; Owner: supabase_storage_admin
--

ALTER TABLE ONLY storage.s3_multipart_uploads
    ADD CONSTRAINT s3_multipart_uploads_pkey PRIMARY KEY (id);


--
-- TOC entry 4041 (class 2606 OID 17516)
-- Name: vector_indexes vector_indexes_pkey; Type: CONSTRAINT; Schema: storage; Owner: supabase_storage_admin
--

ALTER TABLE ONLY storage.vector_indexes
    ADD CONSTRAINT vector_indexes_pkey PRIMARY KEY (id);


--
-- TOC entry 3910 (class 1259 OID 16536)
-- Name: audit_logs_instance_id_idx; Type: INDEX; Schema: auth; Owner: supabase_auth_admin
--

CREATE INDEX audit_logs_instance_id_idx ON auth.audit_log_entries USING btree (instance_id);


--
-- TOC entry 3880 (class 1259 OID 16707)
-- Name: confirmation_token_idx; Type: INDEX; Schema: auth; Owner: supabase_auth_admin
--

CREATE UNIQUE INDEX confirmation_token_idx ON auth.users USING btree (confirmation_token) WHERE ((confirmation_token)::text !~ '^[0-9 ]*$'::text);


--
-- TOC entry 3991 (class 1259 OID 17123)
-- Name: custom_oauth_providers_created_at_idx; Type: INDEX; Schema: auth; Owner: supabase_auth_admin
--

CREATE INDEX custom_oauth_providers_created_at_idx ON auth.custom_oauth_providers USING btree (created_at);


--
-- TOC entry 3992 (class 1259 OID 17122)
-- Name: custom_oauth_providers_enabled_idx; Type: INDEX; Schema: auth; Owner: supabase_auth_admin
--

CREATE INDEX custom_oauth_providers_enabled_idx ON auth.custom_oauth_providers USING btree (enabled);


--
-- TOC entry 3993 (class 1259 OID 17120)
-- Name: custom_oauth_providers_identifier_idx; Type: INDEX; Schema: auth; Owner: supabase_auth_admin
--

CREATE INDEX custom_oauth_providers_identifier_idx ON auth.custom_oauth_providers USING btree (identifier);


--
-- TOC entry 3998 (class 1259 OID 17121)
-- Name: custom_oauth_providers_provider_type_idx; Type: INDEX; Schema: auth; Owner: supabase_auth_admin
--

CREATE INDEX custom_oauth_providers_provider_type_idx ON auth.custom_oauth_providers USING btree (provider_type);


--
-- TOC entry 3881 (class 1259 OID 16709)
-- Name: email_change_token_current_idx; Type: INDEX; Schema: auth; Owner: supabase_auth_admin
--

CREATE UNIQUE INDEX email_change_token_current_idx ON auth.users USING btree (email_change_token_current) WHERE ((email_change_token_current)::text !~ '^[0-9 ]*$'::text);


--
-- TOC entry 3882 (class 1259 OID 16710)
-- Name: email_change_token_new_idx; Type: INDEX; Schema: auth; Owner: supabase_auth_admin
--

CREATE UNIQUE INDEX email_change_token_new_idx ON auth.users USING btree (email_change_token_new) WHERE ((email_change_token_new)::text !~ '^[0-9 ]*$'::text);


--
-- TOC entry 3928 (class 1259 OID 16789)
-- Name: factor_id_created_at_idx; Type: INDEX; Schema: auth; Owner: supabase_auth_admin
--

CREATE INDEX factor_id_created_at_idx ON auth.mfa_factors USING btree (user_id, created_at);


--
-- TOC entry 3961 (class 1259 OID 16897)
-- Name: flow_state_created_at_idx; Type: INDEX; Schema: auth; Owner: supabase_auth_admin
--

CREATE INDEX flow_state_created_at_idx ON auth.flow_state USING btree (created_at DESC);


--
-- TOC entry 3916 (class 1259 OID 16877)
-- Name: identities_email_idx; Type: INDEX; Schema: auth; Owner: supabase_auth_admin
--

CREATE INDEX identities_email_idx ON auth.identities USING btree (email text_pattern_ops);


--
-- TOC entry 4501 (class 0 OID 0)
-- Dependencies: 3916
-- Name: INDEX identities_email_idx; Type: COMMENT; Schema: auth; Owner: supabase_auth_admin
--

COMMENT ON INDEX auth.identities_email_idx IS 'Auth: Ensures indexed queries on the email column';


--
-- TOC entry 3921 (class 1259 OID 16704)
-- Name: identities_user_id_idx; Type: INDEX; Schema: auth; Owner: supabase_auth_admin
--

CREATE INDEX identities_user_id_idx ON auth.identities USING btree (user_id);


--
-- TOC entry 3964 (class 1259 OID 16894)
-- Name: idx_auth_code; Type: INDEX; Schema: auth; Owner: supabase_auth_admin
--

CREATE INDEX idx_auth_code ON auth.flow_state USING btree (auth_code);


--
-- TOC entry 3988 (class 1259 OID 17079)
-- Name: idx_oauth_client_states_created_at; Type: INDEX; Schema: auth; Owner: supabase_auth_admin
--

CREATE INDEX idx_oauth_client_states_created_at ON auth.oauth_client_states USING btree (created_at);


--
-- TOC entry 3965 (class 1259 OID 16895)
-- Name: idx_user_id_auth_method; Type: INDEX; Schema: auth; Owner: supabase_auth_admin
--

CREATE INDEX idx_user_id_auth_method ON auth.flow_state USING btree (user_id, authentication_method);


--
-- TOC entry 3883 (class 1259 OID 17165)
-- Name: idx_users_created_at_desc; Type: INDEX; Schema: auth; Owner: supabase_auth_admin
--

CREATE INDEX idx_users_created_at_desc ON auth.users USING btree (created_at DESC);


--
-- TOC entry 3884 (class 1259 OID 17164)
-- Name: idx_users_email; Type: INDEX; Schema: auth; Owner: supabase_auth_admin
--

CREATE INDEX idx_users_email ON auth.users USING btree (email);


--
-- TOC entry 3885 (class 1259 OID 17166)
-- Name: idx_users_last_sign_in_at_desc; Type: INDEX; Schema: auth; Owner: supabase_auth_admin
--

CREATE INDEX idx_users_last_sign_in_at_desc ON auth.users USING btree (last_sign_in_at DESC);


--
-- TOC entry 3886 (class 1259 OID 17167)
-- Name: idx_users_name; Type: INDEX; Schema: auth; Owner: supabase_auth_admin
--

CREATE INDEX idx_users_name ON auth.users USING btree (((raw_user_meta_data ->> 'name'::text))) WHERE ((raw_user_meta_data ->> 'name'::text) IS NOT NULL);


--
-- TOC entry 3936 (class 1259 OID 16900)
-- Name: mfa_challenge_created_at_idx; Type: INDEX; Schema: auth; Owner: supabase_auth_admin
--

CREATE INDEX mfa_challenge_created_at_idx ON auth.mfa_challenges USING btree (created_at DESC);


--
-- TOC entry 3933 (class 1259 OID 16761)
-- Name: mfa_factors_user_friendly_name_unique; Type: INDEX; Schema: auth; Owner: supabase_auth_admin
--

CREATE UNIQUE INDEX mfa_factors_user_friendly_name_unique ON auth.mfa_factors USING btree (friendly_name, user_id) WHERE (TRIM(BOTH FROM friendly_name) <> ''::text);


--
-- TOC entry 3934 (class 1259 OID 16906)
-- Name: mfa_factors_user_id_idx; Type: INDEX; Schema: auth; Owner: supabase_auth_admin
--

CREATE INDEX mfa_factors_user_id_idx ON auth.mfa_factors USING btree (user_id);


--
-- TOC entry 3974 (class 1259 OID 17031)
-- Name: oauth_auth_pending_exp_idx; Type: INDEX; Schema: auth; Owner: supabase_auth_admin
--

CREATE INDEX oauth_auth_pending_exp_idx ON auth.oauth_authorizations USING btree (expires_at) WHERE (status = 'pending'::auth.oauth_authorization_status);


--
-- TOC entry 3971 (class 1259 OID 16984)
-- Name: oauth_clients_deleted_at_idx; Type: INDEX; Schema: auth; Owner: supabase_auth_admin
--

CREATE INDEX oauth_clients_deleted_at_idx ON auth.oauth_clients USING btree (deleted_at);


--
-- TOC entry 3981 (class 1259 OID 17057)
-- Name: oauth_consents_active_client_idx; Type: INDEX; Schema: auth; Owner: supabase_auth_admin
--

CREATE INDEX oauth_consents_active_client_idx ON auth.oauth_consents USING btree (client_id) WHERE (revoked_at IS NULL);


--
-- TOC entry 3982 (class 1259 OID 17055)
-- Name: oauth_consents_active_user_client_idx; Type: INDEX; Schema: auth; Owner: supabase_auth_admin
--

CREATE INDEX oauth_consents_active_user_client_idx ON auth.oauth_consents USING btree (user_id, client_id) WHERE (revoked_at IS NULL);


--
-- TOC entry 3987 (class 1259 OID 17056)
-- Name: oauth_consents_user_order_idx; Type: INDEX; Schema: auth; Owner: supabase_auth_admin
--

CREATE INDEX oauth_consents_user_order_idx ON auth.oauth_consents USING btree (user_id, granted_at DESC);


--
-- TOC entry 3968 (class 1259 OID 16953)
-- Name: one_time_tokens_relates_to_hash_idx; Type: INDEX; Schema: auth; Owner: supabase_auth_admin
--

CREATE INDEX one_time_tokens_relates_to_hash_idx ON auth.one_time_tokens USING hash (relates_to);


--
-- TOC entry 3969 (class 1259 OID 16952)
-- Name: one_time_tokens_token_hash_hash_idx; Type: INDEX; Schema: auth; Owner: supabase_auth_admin
--

CREATE INDEX one_time_tokens_token_hash_hash_idx ON auth.one_time_tokens USING hash (token_hash);


--
-- TOC entry 3970 (class 1259 OID 16954)
-- Name: one_time_tokens_user_id_token_type_key; Type: INDEX; Schema: auth; Owner: supabase_auth_admin
--

CREATE UNIQUE INDEX one_time_tokens_user_id_token_type_key ON auth.one_time_tokens USING btree (user_id, token_type);


--
-- TOC entry 3887 (class 1259 OID 16711)
-- Name: reauthentication_token_idx; Type: INDEX; Schema: auth; Owner: supabase_auth_admin
--

CREATE UNIQUE INDEX reauthentication_token_idx ON auth.users USING btree (reauthentication_token) WHERE ((reauthentication_token)::text !~ '^[0-9 ]*$'::text);


--
-- TOC entry 3888 (class 1259 OID 16708)
-- Name: recovery_token_idx; Type: INDEX; Schema: auth; Owner: supabase_auth_admin
--

CREATE UNIQUE INDEX recovery_token_idx ON auth.users USING btree (recovery_token) WHERE ((recovery_token)::text !~ '^[0-9 ]*$'::text);


--
-- TOC entry 3897 (class 1259 OID 16519)
-- Name: refresh_tokens_instance_id_idx; Type: INDEX; Schema: auth; Owner: supabase_auth_admin
--

CREATE INDEX refresh_tokens_instance_id_idx ON auth.refresh_tokens USING btree (instance_id);


--
-- TOC entry 3898 (class 1259 OID 16520)
-- Name: refresh_tokens_instance_id_user_id_idx; Type: INDEX; Schema: auth; Owner: supabase_auth_admin
--

CREATE INDEX refresh_tokens_instance_id_user_id_idx ON auth.refresh_tokens USING btree (instance_id, user_id);


--
-- TOC entry 3899 (class 1259 OID 16703)
-- Name: refresh_tokens_parent_idx; Type: INDEX; Schema: auth; Owner: supabase_auth_admin
--

CREATE INDEX refresh_tokens_parent_idx ON auth.refresh_tokens USING btree (parent);


--
-- TOC entry 3902 (class 1259 OID 16791)
-- Name: refresh_tokens_session_id_revoked_idx; Type: INDEX; Schema: auth; Owner: supabase_auth_admin
--

CREATE INDEX refresh_tokens_session_id_revoked_idx ON auth.refresh_tokens USING btree (session_id, revoked);


--
-- TOC entry 3905 (class 1259 OID 16896)
-- Name: refresh_tokens_updated_at_idx; Type: INDEX; Schema: auth; Owner: supabase_auth_admin
--

CREATE INDEX refresh_tokens_updated_at_idx ON auth.refresh_tokens USING btree (updated_at DESC);


--
-- TOC entry 3955 (class 1259 OID 16833)
-- Name: saml_providers_sso_provider_id_idx; Type: INDEX; Schema: auth; Owner: supabase_auth_admin
--

CREATE INDEX saml_providers_sso_provider_id_idx ON auth.saml_providers USING btree (sso_provider_id);


--
-- TOC entry 3956 (class 1259 OID 16898)
-- Name: saml_relay_states_created_at_idx; Type: INDEX; Schema: auth; Owner: supabase_auth_admin
--

CREATE INDEX saml_relay_states_created_at_idx ON auth.saml_relay_states USING btree (created_at DESC);


--
-- TOC entry 3957 (class 1259 OID 16848)
-- Name: saml_relay_states_for_email_idx; Type: INDEX; Schema: auth; Owner: supabase_auth_admin
--

CREATE INDEX saml_relay_states_for_email_idx ON auth.saml_relay_states USING btree (for_email);


--
-- TOC entry 3960 (class 1259 OID 16847)
-- Name: saml_relay_states_sso_provider_id_idx; Type: INDEX; Schema: auth; Owner: supabase_auth_admin
--

CREATE INDEX saml_relay_states_sso_provider_id_idx ON auth.saml_relay_states USING btree (sso_provider_id);


--
-- TOC entry 3922 (class 1259 OID 16899)
-- Name: sessions_not_after_idx; Type: INDEX; Schema: auth; Owner: supabase_auth_admin
--

CREATE INDEX sessions_not_after_idx ON auth.sessions USING btree (not_after DESC);


--
-- TOC entry 3923 (class 1259 OID 17069)
-- Name: sessions_oauth_client_id_idx; Type: INDEX; Schema: auth; Owner: supabase_auth_admin
--

CREATE INDEX sessions_oauth_client_id_idx ON auth.sessions USING btree (oauth_client_id);


--
-- TOC entry 3926 (class 1259 OID 16790)
-- Name: sessions_user_id_idx; Type: INDEX; Schema: auth; Owner: supabase_auth_admin
--

CREATE INDEX sessions_user_id_idx ON auth.sessions USING btree (user_id);


--
-- TOC entry 3947 (class 1259 OID 16815)
-- Name: sso_domains_domain_idx; Type: INDEX; Schema: auth; Owner: supabase_auth_admin
--

CREATE UNIQUE INDEX sso_domains_domain_idx ON auth.sso_domains USING btree (lower(domain));


--
-- TOC entry 3950 (class 1259 OID 16814)
-- Name: sso_domains_sso_provider_id_idx; Type: INDEX; Schema: auth; Owner: supabase_auth_admin
--

CREATE INDEX sso_domains_sso_provider_id_idx ON auth.sso_domains USING btree (sso_provider_id);


--
-- TOC entry 3945 (class 1259 OID 16800)
-- Name: sso_providers_resource_id_idx; Type: INDEX; Schema: auth; Owner: supabase_auth_admin
--

CREATE UNIQUE INDEX sso_providers_resource_id_idx ON auth.sso_providers USING btree (lower(resource_id));


--
-- TOC entry 3946 (class 1259 OID 16962)
-- Name: sso_providers_resource_id_pattern_idx; Type: INDEX; Schema: auth; Owner: supabase_auth_admin
--

CREATE INDEX sso_providers_resource_id_pattern_idx ON auth.sso_providers USING btree (resource_id text_pattern_ops);


--
-- TOC entry 3935 (class 1259 OID 16959)
-- Name: unique_phone_factor_per_user; Type: INDEX; Schema: auth; Owner: supabase_auth_admin
--

CREATE UNIQUE INDEX unique_phone_factor_per_user ON auth.mfa_factors USING btree (user_id, phone);


--
-- TOC entry 3927 (class 1259 OID 16788)
-- Name: user_id_created_at_idx; Type: INDEX; Schema: auth; Owner: supabase_auth_admin
--

CREATE INDEX user_id_created_at_idx ON auth.sessions USING btree (user_id, created_at);


--
-- TOC entry 3889 (class 1259 OID 16868)
-- Name: users_email_partial_key; Type: INDEX; Schema: auth; Owner: supabase_auth_admin
--

CREATE UNIQUE INDEX users_email_partial_key ON auth.users USING btree (email) WHERE (is_sso_user = false);


--
-- TOC entry 4502 (class 0 OID 0)
-- Dependencies: 3889
-- Name: INDEX users_email_partial_key; Type: COMMENT; Schema: auth; Owner: supabase_auth_admin
--

COMMENT ON INDEX auth.users_email_partial_key IS 'Auth: A partial unique index that applies only when is_sso_user is false';


--
-- TOC entry 3890 (class 1259 OID 16705)
-- Name: users_instance_id_email_idx; Type: INDEX; Schema: auth; Owner: supabase_auth_admin
--

CREATE INDEX users_instance_id_email_idx ON auth.users USING btree (instance_id, lower((email)::text));


--
-- TOC entry 3891 (class 1259 OID 16509)
-- Name: users_instance_id_idx; Type: INDEX; Schema: auth; Owner: supabase_auth_admin
--

CREATE INDEX users_instance_id_idx ON auth.users USING btree (instance_id);


--
-- TOC entry 3892 (class 1259 OID 16923)
-- Name: users_is_anonymous_idx; Type: INDEX; Schema: auth; Owner: supabase_auth_admin
--

CREATE INDEX users_is_anonymous_idx ON auth.users USING btree (is_anonymous);


--
-- TOC entry 4003 (class 1259 OID 17163)
-- Name: webauthn_challenges_expires_at_idx; Type: INDEX; Schema: auth; Owner: supabase_auth_admin
--

CREATE INDEX webauthn_challenges_expires_at_idx ON auth.webauthn_challenges USING btree (expires_at);


--
-- TOC entry 4006 (class 1259 OID 17162)
-- Name: webauthn_challenges_user_id_idx; Type: INDEX; Schema: auth; Owner: supabase_auth_admin
--

CREATE INDEX webauthn_challenges_user_id_idx ON auth.webauthn_challenges USING btree (user_id);


--
-- TOC entry 3999 (class 1259 OID 17145)
-- Name: webauthn_credentials_credential_id_key; Type: INDEX; Schema: auth; Owner: supabase_auth_admin
--

CREATE UNIQUE INDEX webauthn_credentials_credential_id_key ON auth.webauthn_credentials USING btree (credential_id);


--
-- TOC entry 4002 (class 1259 OID 17146)
-- Name: webauthn_credentials_user_id_idx; Type: INDEX; Schema: auth; Owner: supabase_auth_admin
--

CREATE INDEX webauthn_credentials_user_id_idx ON auth.webauthn_credentials USING btree (user_id);


--
-- TOC entry 4053 (class 1259 OID 17818)
-- Name: idx_candidates_job_id; Type: INDEX; Schema: public; Owner: postgres
--

CREATE INDEX idx_candidates_job_id ON public.candidates USING btree (job_id);


--
-- TOC entry 4054 (class 1259 OID 17820)
-- Name: idx_candidates_name_lower; Type: INDEX; Schema: public; Owner: postgres
--

CREATE INDEX idx_candidates_name_lower ON public.candidates USING btree (lower(full_name));


--
-- TOC entry 4055 (class 1259 OID 17819)
-- Name: idx_candidates_status; Type: INDEX; Schema: public; Owner: postgres
--

CREATE INDEX idx_candidates_status ON public.candidates USING btree (status);


--
-- TOC entry 4046 (class 1259 OID 17770)
-- Name: idx_jobs_customer_id; Type: INDEX; Schema: public; Owner: postgres
--

CREATE INDEX idx_jobs_customer_id ON public.jobs USING btree (customer_id);


--
-- TOC entry 4009 (class 1259 OID 17350)
-- Name: ix_realtime_subscription_entity; Type: INDEX; Schema: realtime; Owner: supabase_admin
--

CREATE INDEX ix_realtime_subscription_entity ON realtime.subscription USING btree (entity);


--
-- TOC entry 4013 (class 1259 OID 17351)
-- Name: messages_inserted_at_topic_index; Type: INDEX; Schema: realtime; Owner: supabase_realtime_admin
--

CREATE INDEX messages_inserted_at_topic_index ON ONLY realtime.messages USING btree (inserted_at DESC, topic) WHERE ((extension = 'broadcast'::text) AND (private IS TRUE));


--
-- TOC entry 4012 (class 1259 OID 17354)
-- Name: subscription_subscription_id_entity_filters_action_filter_key; Type: INDEX; Schema: realtime; Owner: supabase_admin
--

CREATE UNIQUE INDEX subscription_subscription_id_entity_filters_action_filter_key ON realtime.subscription USING btree (subscription_id, entity, filters, action_filter);


--
-- TOC entry 4020 (class 1259 OID 17374)
-- Name: bname; Type: INDEX; Schema: storage; Owner: supabase_storage_admin
--

CREATE UNIQUE INDEX bname ON storage.buckets USING btree (name);


--
-- TOC entry 4023 (class 1259 OID 17391)
-- Name: bucketid_objname; Type: INDEX; Schema: storage; Owner: supabase_storage_admin
--

CREATE UNIQUE INDEX bucketid_objname ON storage.objects USING btree (bucket_id, name);


--
-- TOC entry 4036 (class 1259 OID 17531)
-- Name: buckets_analytics_unique_name_idx; Type: INDEX; Schema: storage; Owner: supabase_storage_admin
--

CREATE UNIQUE INDEX buckets_analytics_unique_name_idx ON storage.buckets_analytics USING btree (name) WHERE (deleted_at IS NULL);


--
-- TOC entry 4029 (class 1259 OID 17458)
-- Name: idx_multipart_uploads_list; Type: INDEX; Schema: storage; Owner: supabase_storage_admin
--

CREATE INDEX idx_multipart_uploads_list ON storage.s3_multipart_uploads USING btree (bucket_id, key, created_at);


--
-- TOC entry 4024 (class 1259 OID 17423)
-- Name: idx_objects_bucket_id_name; Type: INDEX; Schema: storage; Owner: supabase_storage_admin
--

CREATE INDEX idx_objects_bucket_id_name ON storage.objects USING btree (bucket_id, name COLLATE "C");


--
-- TOC entry 4025 (class 1259 OID 17538)
-- Name: idx_objects_bucket_id_name_lower; Type: INDEX; Schema: storage; Owner: supabase_storage_admin
--

CREATE INDEX idx_objects_bucket_id_name_lower ON storage.objects USING btree (bucket_id, lower(name) COLLATE "C");


--
-- TOC entry 4026 (class 1259 OID 17392)
-- Name: name_prefix_search; Type: INDEX; Schema: storage; Owner: supabase_storage_admin
--

CREATE INDEX name_prefix_search ON storage.objects USING btree (name text_pattern_ops);


--
-- TOC entry 4039 (class 1259 OID 17522)
-- Name: vector_indexes_name_bucket_id_idx; Type: INDEX; Schema: storage; Owner: supabase_storage_admin
--

CREATE UNIQUE INDEX vector_indexes_name_bucket_id_idx ON storage.vector_indexes USING btree (name, bucket_id);


--
-- TOC entry 4087 (class 2620 OID 17604)
-- Name: users on_auth_user_created; Type: TRIGGER; Schema: auth; Owner: supabase_auth_admin
--

CREATE TRIGGER on_auth_user_created AFTER INSERT ON auth.users FOR EACH ROW EXECUTE FUNCTION public.handle_new_user();


--
-- TOC entry 4088 (class 2620 OID 17208)
-- Name: subscription tr_check_filters; Type: TRIGGER; Schema: realtime; Owner: supabase_admin
--

CREATE TRIGGER tr_check_filters BEFORE INSERT OR UPDATE ON realtime.subscription FOR EACH ROW EXECUTE FUNCTION realtime.subscription_check_filters();


--
-- TOC entry 4089 (class 2620 OID 17477)
-- Name: buckets enforce_bucket_name_length_trigger; Type: TRIGGER; Schema: storage; Owner: supabase_storage_admin
--

CREATE TRIGGER enforce_bucket_name_length_trigger BEFORE INSERT OR UPDATE OF name ON storage.buckets FOR EACH ROW EXECUTE FUNCTION storage.enforce_bucket_name_length();


--
-- TOC entry 4090 (class 2620 OID 17540)
-- Name: buckets protect_buckets_delete; Type: TRIGGER; Schema: storage; Owner: supabase_storage_admin
--

CREATE TRIGGER protect_buckets_delete BEFORE DELETE ON storage.buckets FOR EACH STATEMENT EXECUTE FUNCTION storage.protect_delete();


--
-- TOC entry 4091 (class 2620 OID 17541)
-- Name: objects protect_objects_delete; Type: TRIGGER; Schema: storage; Owner: supabase_storage_admin
--

CREATE TRIGGER protect_objects_delete BEFORE DELETE ON storage.objects FOR EACH STATEMENT EXECUTE FUNCTION storage.protect_delete();


--
-- TOC entry 4092 (class 2620 OID 17411)
-- Name: objects update_objects_updated_at; Type: TRIGGER; Schema: storage; Owner: supabase_storage_admin
--

CREATE TRIGGER update_objects_updated_at BEFORE UPDATE ON storage.objects FOR EACH ROW EXECUTE FUNCTION storage.update_updated_at_column();


--
-- TOC entry 4059 (class 2606 OID 16691)
-- Name: identities identities_user_id_fkey; Type: FK CONSTRAINT; Schema: auth; Owner: supabase_auth_admin
--

ALTER TABLE ONLY auth.identities
    ADD CONSTRAINT identities_user_id_fkey FOREIGN KEY (user_id) REFERENCES auth.users(id) ON DELETE CASCADE;


--
-- TOC entry 4064 (class 2606 OID 16781)
-- Name: mfa_amr_claims mfa_amr_claims_session_id_fkey; Type: FK CONSTRAINT; Schema: auth; Owner: supabase_auth_admin
--

ALTER TABLE ONLY auth.mfa_amr_claims
    ADD CONSTRAINT mfa_amr_claims_session_id_fkey FOREIGN KEY (session_id) REFERENCES auth.sessions(id) ON DELETE CASCADE;


--
-- TOC entry 4063 (class 2606 OID 16769)
-- Name: mfa_challenges mfa_challenges_auth_factor_id_fkey; Type: FK CONSTRAINT; Schema: auth; Owner: supabase_auth_admin
--

ALTER TABLE ONLY auth.mfa_challenges
    ADD CONSTRAINT mfa_challenges_auth_factor_id_fkey FOREIGN KEY (factor_id) REFERENCES auth.mfa_factors(id) ON DELETE CASCADE;


--
-- TOC entry 4062 (class 2606 OID 16756)
-- Name: mfa_factors mfa_factors_user_id_fkey; Type: FK CONSTRAINT; Schema: auth; Owner: supabase_auth_admin
--

ALTER TABLE ONLY auth.mfa_factors
    ADD CONSTRAINT mfa_factors_user_id_fkey FOREIGN KEY (user_id) REFERENCES auth.users(id) ON DELETE CASCADE;


--
-- TOC entry 4070 (class 2606 OID 17021)
-- Name: oauth_authorizations oauth_authorizations_client_id_fkey; Type: FK CONSTRAINT; Schema: auth; Owner: supabase_auth_admin
--

ALTER TABLE ONLY auth.oauth_authorizations
    ADD CONSTRAINT oauth_authorizations_client_id_fkey FOREIGN KEY (client_id) REFERENCES auth.oauth_clients(id) ON DELETE CASCADE;


--
-- TOC entry 4071 (class 2606 OID 17026)
-- Name: oauth_authorizations oauth_authorizations_user_id_fkey; Type: FK CONSTRAINT; Schema: auth; Owner: supabase_auth_admin
--

ALTER TABLE ONLY auth.oauth_authorizations
    ADD CONSTRAINT oauth_authorizations_user_id_fkey FOREIGN KEY (user_id) REFERENCES auth.users(id) ON DELETE CASCADE;


--
-- TOC entry 4072 (class 2606 OID 17050)
-- Name: oauth_consents oauth_consents_client_id_fkey; Type: FK CONSTRAINT; Schema: auth; Owner: supabase_auth_admin
--

ALTER TABLE ONLY auth.oauth_consents
    ADD CONSTRAINT oauth_consents_client_id_fkey FOREIGN KEY (client_id) REFERENCES auth.oauth_clients(id) ON DELETE CASCADE;


--
-- TOC entry 4073 (class 2606 OID 17045)
-- Name: oauth_consents oauth_consents_user_id_fkey; Type: FK CONSTRAINT; Schema: auth; Owner: supabase_auth_admin
--

ALTER TABLE ONLY auth.oauth_consents
    ADD CONSTRAINT oauth_consents_user_id_fkey FOREIGN KEY (user_id) REFERENCES auth.users(id) ON DELETE CASCADE;


--
-- TOC entry 4069 (class 2606 OID 16947)
-- Name: one_time_tokens one_time_tokens_user_id_fkey; Type: FK CONSTRAINT; Schema: auth; Owner: supabase_auth_admin
--

ALTER TABLE ONLY auth.one_time_tokens
    ADD CONSTRAINT one_time_tokens_user_id_fkey FOREIGN KEY (user_id) REFERENCES auth.users(id) ON DELETE CASCADE;


--
-- TOC entry 4058 (class 2606 OID 16724)
-- Name: refresh_tokens refresh_tokens_session_id_fkey; Type: FK CONSTRAINT; Schema: auth; Owner: supabase_auth_admin
--

ALTER TABLE ONLY auth.refresh_tokens
    ADD CONSTRAINT refresh_tokens_session_id_fkey FOREIGN KEY (session_id) REFERENCES auth.sessions(id) ON DELETE CASCADE;


--
-- TOC entry 4066 (class 2606 OID 16828)
-- Name: saml_providers saml_providers_sso_provider_id_fkey; Type: FK CONSTRAINT; Schema: auth; Owner: supabase_auth_admin
--

ALTER TABLE ONLY auth.saml_providers
    ADD CONSTRAINT saml_providers_sso_provider_id_fkey FOREIGN KEY (sso_provider_id) REFERENCES auth.sso_providers(id) ON DELETE CASCADE;


--
-- TOC entry 4067 (class 2606 OID 16901)
-- Name: saml_relay_states saml_relay_states_flow_state_id_fkey; Type: FK CONSTRAINT; Schema: auth; Owner: supabase_auth_admin
--

ALTER TABLE ONLY auth.saml_relay_states
    ADD CONSTRAINT saml_relay_states_flow_state_id_fkey FOREIGN KEY (flow_state_id) REFERENCES auth.flow_state(id) ON DELETE CASCADE;


--
-- TOC entry 4068 (class 2606 OID 16842)
-- Name: saml_relay_states saml_relay_states_sso_provider_id_fkey; Type: FK CONSTRAINT; Schema: auth; Owner: supabase_auth_admin
--

ALTER TABLE ONLY auth.saml_relay_states
    ADD CONSTRAINT saml_relay_states_sso_provider_id_fkey FOREIGN KEY (sso_provider_id) REFERENCES auth.sso_providers(id) ON DELETE CASCADE;


--
-- TOC entry 4060 (class 2606 OID 17064)
-- Name: sessions sessions_oauth_client_id_fkey; Type: FK CONSTRAINT; Schema: auth; Owner: supabase_auth_admin
--

ALTER TABLE ONLY auth.sessions
    ADD CONSTRAINT sessions_oauth_client_id_fkey FOREIGN KEY (oauth_client_id) REFERENCES auth.oauth_clients(id) ON DELETE CASCADE;


--
-- TOC entry 4061 (class 2606 OID 16719)
-- Name: sessions sessions_user_id_fkey; Type: FK CONSTRAINT; Schema: auth; Owner: supabase_auth_admin
--

ALTER TABLE ONLY auth.sessions
    ADD CONSTRAINT sessions_user_id_fkey FOREIGN KEY (user_id) REFERENCES auth.users(id) ON DELETE CASCADE;


--
-- TOC entry 4065 (class 2606 OID 16809)
-- Name: sso_domains sso_domains_sso_provider_id_fkey; Type: FK CONSTRAINT; Schema: auth; Owner: supabase_auth_admin
--

ALTER TABLE ONLY auth.sso_domains
    ADD CONSTRAINT sso_domains_sso_provider_id_fkey FOREIGN KEY (sso_provider_id) REFERENCES auth.sso_providers(id) ON DELETE CASCADE;


--
-- TOC entry 4075 (class 2606 OID 17157)
-- Name: webauthn_challenges webauthn_challenges_user_id_fkey; Type: FK CONSTRAINT; Schema: auth; Owner: supabase_auth_admin
--

ALTER TABLE ONLY auth.webauthn_challenges
    ADD CONSTRAINT webauthn_challenges_user_id_fkey FOREIGN KEY (user_id) REFERENCES auth.users(id) ON DELETE CASCADE;


--
-- TOC entry 4074 (class 2606 OID 17140)
-- Name: webauthn_credentials webauthn_credentials_user_id_fkey; Type: FK CONSTRAINT; Schema: auth; Owner: supabase_auth_admin
--

ALTER TABLE ONLY auth.webauthn_credentials
    ADD CONSTRAINT webauthn_credentials_user_id_fkey FOREIGN KEY (user_id) REFERENCES auth.users(id) ON DELETE CASCADE;


--
-- TOC entry 4085 (class 2606 OID 17789)
-- Name: candidates candidates_job_id_fkey; Type: FK CONSTRAINT; Schema: public; Owner: postgres
--

ALTER TABLE ONLY public.candidates
    ADD CONSTRAINT candidates_job_id_fkey FOREIGN KEY (job_id) REFERENCES public.jobs(id) ON DELETE CASCADE;


--
-- TOC entry 4083 (class 2606 OID 20222)
-- Name: jobs jobs_company_id_fkey; Type: FK CONSTRAINT; Schema: public; Owner: postgres
--

ALTER TABLE ONLY public.jobs
    ADD CONSTRAINT jobs_company_id_fkey FOREIGN KEY (company_id) REFERENCES public.companies(id);


--
-- TOC entry 4084 (class 2606 OID 17765)
-- Name: jobs jobs_customer_id_fkey; Type: FK CONSTRAINT; Schema: public; Owner: postgres
--

ALTER TABLE ONLY public.jobs
    ADD CONSTRAINT jobs_customer_id_fkey FOREIGN KEY (customer_id) REFERENCES public.profiles(id) ON DELETE CASCADE;


--
-- TOC entry 4086 (class 2606 OID 17803)
-- Name: notes notes_candidate_id_fkey; Type: FK CONSTRAINT; Schema: public; Owner: postgres
--

ALTER TABLE ONLY public.notes
    ADD CONSTRAINT notes_candidate_id_fkey FOREIGN KEY (candidate_id) REFERENCES public.candidates(id) ON DELETE CASCADE;


--
-- TOC entry 4081 (class 2606 OID 17748)
-- Name: profiles profiles_company_id_fkey; Type: FK CONSTRAINT; Schema: public; Owner: postgres
--

ALTER TABLE ONLY public.profiles
    ADD CONSTRAINT profiles_company_id_fkey FOREIGN KEY (company_id) REFERENCES public.companies(id);


--
-- TOC entry 4082 (class 2606 OID 17743)
-- Name: profiles profiles_id_fkey; Type: FK CONSTRAINT; Schema: public; Owner: postgres
--

ALTER TABLE ONLY public.profiles
    ADD CONSTRAINT profiles_id_fkey FOREIGN KEY (id) REFERENCES auth.users(id) ON DELETE CASCADE;


--
-- TOC entry 4076 (class 2606 OID 17386)
-- Name: objects objects_bucketId_fkey; Type: FK CONSTRAINT; Schema: storage; Owner: supabase_storage_admin
--

ALTER TABLE ONLY storage.objects
    ADD CONSTRAINT "objects_bucketId_fkey" FOREIGN KEY (bucket_id) REFERENCES storage.buckets(id);


--
-- TOC entry 4077 (class 2606 OID 17433)
-- Name: s3_multipart_uploads s3_multipart_uploads_bucket_id_fkey; Type: FK CONSTRAINT; Schema: storage; Owner: supabase_storage_admin
--

ALTER TABLE ONLY storage.s3_multipart_uploads
    ADD CONSTRAINT s3_multipart_uploads_bucket_id_fkey FOREIGN KEY (bucket_id) REFERENCES storage.buckets(id);


--
-- TOC entry 4078 (class 2606 OID 17453)
-- Name: s3_multipart_uploads_parts s3_multipart_uploads_parts_bucket_id_fkey; Type: FK CONSTRAINT; Schema: storage; Owner: supabase_storage_admin
--

ALTER TABLE ONLY storage.s3_multipart_uploads_parts
    ADD CONSTRAINT s3_multipart_uploads_parts_bucket_id_fkey FOREIGN KEY (bucket_id) REFERENCES storage.buckets(id);


--
-- TOC entry 4079 (class 2606 OID 17448)
-- Name: s3_multipart_uploads_parts s3_multipart_uploads_parts_upload_id_fkey; Type: FK CONSTRAINT; Schema: storage; Owner: supabase_storage_admin
--

ALTER TABLE ONLY storage.s3_multipart_uploads_parts
    ADD CONSTRAINT s3_multipart_uploads_parts_upload_id_fkey FOREIGN KEY (upload_id) REFERENCES storage.s3_multipart_uploads(id) ON DELETE CASCADE;


--
-- TOC entry 4080 (class 2606 OID 17517)
-- Name: vector_indexes vector_indexes_bucket_id_fkey; Type: FK CONSTRAINT; Schema: storage; Owner: supabase_storage_admin
--

ALTER TABLE ONLY storage.vector_indexes
    ADD CONSTRAINT vector_indexes_bucket_id_fkey FOREIGN KEY (bucket_id) REFERENCES storage.buckets_vectors(id);


--
-- TOC entry 4244 (class 0 OID 16529)
-- Dependencies: 344
-- Name: audit_log_entries; Type: ROW SECURITY; Schema: auth; Owner: supabase_auth_admin
--

ALTER TABLE auth.audit_log_entries ENABLE ROW LEVEL SECURITY;

--
-- TOC entry 4255 (class 0 OID 16887)
-- Dependencies: 358
-- Name: flow_state; Type: ROW SECURITY; Schema: auth; Owner: supabase_auth_admin
--

ALTER TABLE auth.flow_state ENABLE ROW LEVEL SECURITY;

--
-- TOC entry 4246 (class 0 OID 16684)
-- Dependencies: 349
-- Name: identities; Type: ROW SECURITY; Schema: auth; Owner: supabase_auth_admin
--

ALTER TABLE auth.identities ENABLE ROW LEVEL SECURITY;

--
-- TOC entry 4243 (class 0 OID 16522)
-- Dependencies: 343
-- Name: instances; Type: ROW SECURITY; Schema: auth; Owner: supabase_auth_admin
--

ALTER TABLE auth.instances ENABLE ROW LEVEL SECURITY;

--
-- TOC entry 4250 (class 0 OID 16774)
-- Dependencies: 353
-- Name: mfa_amr_claims; Type: ROW SECURITY; Schema: auth; Owner: supabase_auth_admin
--

ALTER TABLE auth.mfa_amr_claims ENABLE ROW LEVEL SECURITY;

--
-- TOC entry 4249 (class 0 OID 16762)
-- Dependencies: 352
-- Name: mfa_challenges; Type: ROW SECURITY; Schema: auth; Owner: supabase_auth_admin
--

ALTER TABLE auth.mfa_challenges ENABLE ROW LEVEL SECURITY;

--
-- TOC entry 4248 (class 0 OID 16749)
-- Dependencies: 351
-- Name: mfa_factors; Type: ROW SECURITY; Schema: auth; Owner: supabase_auth_admin
--

ALTER TABLE auth.mfa_factors ENABLE ROW LEVEL SECURITY;

--
-- TOC entry 4256 (class 0 OID 16937)
-- Dependencies: 359
-- Name: one_time_tokens; Type: ROW SECURITY; Schema: auth; Owner: supabase_auth_admin
--

ALTER TABLE auth.one_time_tokens ENABLE ROW LEVEL SECURITY;

--
-- TOC entry 4242 (class 0 OID 16511)
-- Dependencies: 342
-- Name: refresh_tokens; Type: ROW SECURITY; Schema: auth; Owner: supabase_auth_admin
--

ALTER TABLE auth.refresh_tokens ENABLE ROW LEVEL SECURITY;

--
-- TOC entry 4253 (class 0 OID 16816)
-- Dependencies: 356
-- Name: saml_providers; Type: ROW SECURITY; Schema: auth; Owner: supabase_auth_admin
--

ALTER TABLE auth.saml_providers ENABLE ROW LEVEL SECURITY;

--
-- TOC entry 4254 (class 0 OID 16834)
-- Dependencies: 357
-- Name: saml_relay_states; Type: ROW SECURITY; Schema: auth; Owner: supabase_auth_admin
--

ALTER TABLE auth.saml_relay_states ENABLE ROW LEVEL SECURITY;

--
-- TOC entry 4245 (class 0 OID 16537)
-- Dependencies: 345
-- Name: schema_migrations; Type: ROW SECURITY; Schema: auth; Owner: supabase_auth_admin
--

ALTER TABLE auth.schema_migrations ENABLE ROW LEVEL SECURITY;

--
-- TOC entry 4247 (class 0 OID 16714)
-- Dependencies: 350
-- Name: sessions; Type: ROW SECURITY; Schema: auth; Owner: supabase_auth_admin
--

ALTER TABLE auth.sessions ENABLE ROW LEVEL SECURITY;

--
-- TOC entry 4252 (class 0 OID 16801)
-- Dependencies: 355
-- Name: sso_domains; Type: ROW SECURITY; Schema: auth; Owner: supabase_auth_admin
--

ALTER TABLE auth.sso_domains ENABLE ROW LEVEL SECURITY;

--
-- TOC entry 4251 (class 0 OID 16792)
-- Dependencies: 354
-- Name: sso_providers; Type: ROW SECURITY; Schema: auth; Owner: supabase_auth_admin
--

ALTER TABLE auth.sso_providers ENABLE ROW LEVEL SECURITY;

--
-- TOC entry 4241 (class 0 OID 16499)
-- Dependencies: 340
-- Name: users; Type: ROW SECURITY; Schema: auth; Owner: supabase_auth_admin
--

ALTER TABLE auth.users ENABLE ROW LEVEL SECURITY;

--
-- TOC entry 4282 (class 3256 OID 17973)
-- Name: profiles Admins can delete profiles; Type: POLICY; Schema: public; Owner: postgres
--

CREATE POLICY "Admins can delete profiles" ON public.profiles FOR DELETE USING (public.is_admin());


--
-- TOC entry 4281 (class 3256 OID 17972)
-- Name: profiles Admins can update all profiles; Type: POLICY; Schema: public; Owner: postgres
--

CREATE POLICY "Admins can update all profiles" ON public.profiles FOR UPDATE USING (public.is_admin());


--
-- TOC entry 4280 (class 3256 OID 17971)
-- Name: profiles Admins can view all profiles; Type: POLICY; Schema: public; Owner: postgres
--

CREATE POLICY "Admins can view all profiles" ON public.profiles FOR SELECT USING (public.is_admin());


--
-- TOC entry 4278 (class 3256 OID 17949)
-- Name: companies Allow admins to delete companies; Type: POLICY; Schema: public; Owner: postgres
--

CREATE POLICY "Allow admins to delete companies" ON public.companies FOR DELETE TO authenticated USING ((EXISTS ( SELECT 1
   FROM public.profiles
  WHERE ((profiles.id = auth.uid()) AND (profiles.role = 'admin'::text)))));


--
-- TOC entry 4276 (class 3256 OID 17947)
-- Name: companies Allow admins to insert companies; Type: POLICY; Schema: public; Owner: postgres
--

CREATE POLICY "Allow admins to insert companies" ON public.companies FOR INSERT TO authenticated WITH CHECK ((EXISTS ( SELECT 1
   FROM public.profiles
  WHERE ((profiles.id = auth.uid()) AND (profiles.role = 'admin'::text)))));


--
-- TOC entry 4277 (class 3256 OID 17948)
-- Name: companies Allow admins to update companies; Type: POLICY; Schema: public; Owner: postgres
--

CREATE POLICY "Allow admins to update companies" ON public.companies FOR UPDATE TO authenticated USING ((EXISTS ( SELECT 1
   FROM public.profiles
  WHERE ((profiles.id = auth.uid()) AND (profiles.role = 'admin'::text)))));


--
-- TOC entry 4275 (class 3256 OID 17946)
-- Name: companies Allow authenticated to read companies; Type: POLICY; Schema: public; Owner: postgres
--

CREATE POLICY "Allow authenticated to read companies" ON public.companies FOR SELECT TO authenticated USING (true);


--
-- TOC entry 4284 (class 3256 OID 20234)
-- Name: candidates Candidates management v2; Type: POLICY; Schema: public; Owner: postgres
--

CREATE POLICY "Candidates management v2" ON public.candidates USING (((EXISTS ( SELECT 1
   FROM public.profiles
  WHERE ((profiles.id = auth.uid()) AND (profiles.role = 'admin'::text)))) OR (EXISTS ( SELECT 1
   FROM (public.jobs
     JOIN public.profiles ON ((profiles.company_id = jobs.company_id)))
  WHERE ((jobs.id = candidates.job_id) AND (profiles.id = auth.uid()) AND (profiles.role = 'company_admin'::text)))) OR (EXISTS ( SELECT 1
   FROM public.jobs
  WHERE ((jobs.id = candidates.job_id) AND (jobs.customer_id = auth.uid()))))));


--
-- TOC entry 4283 (class 3256 OID 20233)
-- Name: jobs Jobs management v2; Type: POLICY; Schema: public; Owner: postgres
--

CREATE POLICY "Jobs management v2" ON public.jobs USING (((EXISTS ( SELECT 1
   FROM public.profiles
  WHERE ((profiles.id = auth.uid()) AND (profiles.role = 'admin'::text)))) OR (EXISTS ( SELECT 1
   FROM public.profiles
  WHERE ((profiles.id = auth.uid()) AND (profiles.role = 'company_admin'::text) AND (profiles.company_id = jobs.company_id)))) OR (customer_id = auth.uid())));


--
-- TOC entry 4271 (class 3256 OID 17808)
-- Name: notes Notes management; Type: POLICY; Schema: public; Owner: postgres
--

CREATE POLICY "Notes management" ON public.notes USING ((EXISTS ( SELECT 1
   FROM public.candidates c
  WHERE ((c.id = notes.candidate_id) AND (EXISTS ( SELECT 1
           FROM public.jobs j
          WHERE ((j.id = c.job_id) AND (j.customer_id = auth.uid())))))))) WITH CHECK ((EXISTS ( SELECT 1
   FROM (public.candidates
     JOIN public.jobs ON ((jobs.id = candidates.job_id)))
  WHERE ((candidates.id = notes.candidate_id) AND (jobs.customer_id = auth.uid())))));


--
-- TOC entry 4273 (class 3256 OID 17904)
-- Name: profiles Profiles access policy; Type: POLICY; Schema: public; Owner: postgres
--

CREATE POLICY "Profiles access policy" ON public.profiles FOR SELECT USING (((auth.uid() = id) OR ((auth.jwt() ->> 'role'::text) = 'admin'::text)));


--
-- TOC entry 4272 (class 3256 OID 17817)
-- Name: profiles Users can insert own profile; Type: POLICY; Schema: public; Owner: postgres
--

CREATE POLICY "Users can insert own profile" ON public.profiles FOR INSERT WITH CHECK ((auth.uid() = id));


--
-- TOC entry 4274 (class 3256 OID 17905)
-- Name: profiles Users can update own profile; Type: POLICY; Schema: public; Owner: postgres
--

CREATE POLICY "Users can update own profile" ON public.profiles FOR UPDATE USING ((auth.uid() = id));


--
-- TOC entry 4279 (class 3256 OID 17970)
-- Name: profiles Users can view own profile; Type: POLICY; Schema: public; Owner: postgres
--

CREATE POLICY "Users can view own profile" ON public.profiles FOR SELECT USING ((auth.uid() = id));


--
-- TOC entry 4269 (class 0 OID 17771)
-- Dependencies: 385
-- Name: candidates; Type: ROW SECURITY; Schema: public; Owner: postgres
--

ALTER TABLE public.candidates ENABLE ROW LEVEL SECURITY;

--
-- TOC entry 4266 (class 0 OID 17725)
-- Dependencies: 382
-- Name: companies; Type: ROW SECURITY; Schema: public; Owner: postgres
--

ALTER TABLE public.companies ENABLE ROW LEVEL SECURITY;

--
-- TOC entry 4268 (class 0 OID 17753)
-- Dependencies: 384
-- Name: jobs; Type: ROW SECURITY; Schema: public; Owner: postgres
--

ALTER TABLE public.jobs ENABLE ROW LEVEL SECURITY;

--
-- TOC entry 4270 (class 0 OID 17794)
-- Dependencies: 386
-- Name: notes; Type: ROW SECURITY; Schema: public; Owner: postgres
--

ALTER TABLE public.notes ENABLE ROW LEVEL SECURITY;

--
-- TOC entry 4267 (class 0 OID 17733)
-- Dependencies: 383
-- Name: profiles; Type: ROW SECURITY; Schema: public; Owner: postgres
--

ALTER TABLE public.profiles ENABLE ROW LEVEL SECURITY;

--
-- TOC entry 4257 (class 0 OID 17335)
-- Dependencies: 373
-- Name: messages; Type: ROW SECURITY; Schema: realtime; Owner: supabase_realtime_admin
--

ALTER TABLE realtime.messages ENABLE ROW LEVEL SECURITY;

--
-- TOC entry 4259 (class 0 OID 17365)
-- Dependencies: 375
-- Name: buckets; Type: ROW SECURITY; Schema: storage; Owner: supabase_storage_admin
--

ALTER TABLE storage.buckets ENABLE ROW LEVEL SECURITY;

--
-- TOC entry 4263 (class 0 OID 17484)
-- Dependencies: 379
-- Name: buckets_analytics; Type: ROW SECURITY; Schema: storage; Owner: supabase_storage_admin
--

ALTER TABLE storage.buckets_analytics ENABLE ROW LEVEL SECURITY;

--
-- TOC entry 4264 (class 0 OID 17497)
-- Dependencies: 380
-- Name: buckets_vectors; Type: ROW SECURITY; Schema: storage; Owner: supabase_storage_admin
--

ALTER TABLE storage.buckets_vectors ENABLE ROW LEVEL SECURITY;

--
-- TOC entry 4258 (class 0 OID 17357)
-- Dependencies: 374
-- Name: migrations; Type: ROW SECURITY; Schema: storage; Owner: supabase_storage_admin
--

ALTER TABLE storage.migrations ENABLE ROW LEVEL SECURITY;

--
-- TOC entry 4260 (class 0 OID 17375)
-- Dependencies: 376
-- Name: objects; Type: ROW SECURITY; Schema: storage; Owner: supabase_storage_admin
--

ALTER TABLE storage.objects ENABLE ROW LEVEL SECURITY;

--
-- TOC entry 4261 (class 0 OID 17424)
-- Dependencies: 377
-- Name: s3_multipart_uploads; Type: ROW SECURITY; Schema: storage; Owner: supabase_storage_admin
--

ALTER TABLE storage.s3_multipart_uploads ENABLE ROW LEVEL SECURITY;

--
-- TOC entry 4262 (class 0 OID 17438)
-- Dependencies: 378
-- Name: s3_multipart_uploads_parts; Type: ROW SECURITY; Schema: storage; Owner: supabase_storage_admin
--

ALTER TABLE storage.s3_multipart_uploads_parts ENABLE ROW LEVEL SECURITY;

--
-- TOC entry 4265 (class 0 OID 17507)
-- Dependencies: 381
-- Name: vector_indexes; Type: ROW SECURITY; Schema: storage; Owner: supabase_storage_admin
--

ALTER TABLE storage.vector_indexes ENABLE ROW LEVEL SECURITY;

--
-- TOC entry 4285 (class 6104 OID 16430)
-- Name: supabase_realtime; Type: PUBLICATION; Schema: -; Owner: postgres
--

CREATE PUBLICATION supabase_realtime WITH (publish = 'insert, update, delete, truncate');


ALTER PUBLICATION supabase_realtime OWNER TO postgres;

--
-- TOC entry 4331 (class 0 OID 0)
-- Dependencies: 37
-- Name: SCHEMA auth; Type: ACL; Schema: -; Owner: supabase_admin
--

GRANT USAGE ON SCHEMA auth TO anon;
GRANT USAGE ON SCHEMA auth TO authenticated;
GRANT USAGE ON SCHEMA auth TO service_role;
GRANT ALL ON SCHEMA auth TO supabase_auth_admin;
GRANT ALL ON SCHEMA auth TO dashboard_user;
GRANT USAGE ON SCHEMA auth TO postgres;


--
-- TOC entry 4332 (class 0 OID 0)
-- Dependencies: 23
-- Name: SCHEMA extensions; Type: ACL; Schema: -; Owner: postgres
--

GRANT USAGE ON SCHEMA extensions TO anon;
GRANT USAGE ON SCHEMA extensions TO authenticated;
GRANT USAGE ON SCHEMA extensions TO service_role;
GRANT ALL ON SCHEMA extensions TO dashboard_user;


--
-- TOC entry 4333 (class 0 OID 0)
-- Dependencies: 11
-- Name: SCHEMA public; Type: ACL; Schema: -; Owner: pg_database_owner
--

GRANT USAGE ON SCHEMA public TO postgres;
GRANT USAGE ON SCHEMA public TO anon;
GRANT USAGE ON SCHEMA public TO authenticated;
GRANT USAGE ON SCHEMA public TO service_role;


--
-- TOC entry 4334 (class 0 OID 0)
-- Dependencies: 9
-- Name: SCHEMA realtime; Type: ACL; Schema: -; Owner: supabase_admin
--

GRANT USAGE ON SCHEMA realtime TO postgres;
GRANT USAGE ON SCHEMA realtime TO anon;
GRANT USAGE ON SCHEMA realtime TO authenticated;
GRANT USAGE ON SCHEMA realtime TO service_role;
GRANT ALL ON SCHEMA realtime TO supabase_realtime_admin;


--
-- TOC entry 4335 (class 0 OID 0)
-- Dependencies: 38
-- Name: SCHEMA storage; Type: ACL; Schema: -; Owner: supabase_admin
--

GRANT USAGE ON SCHEMA storage TO postgres WITH GRANT OPTION;
GRANT USAGE ON SCHEMA storage TO anon;
GRANT USAGE ON SCHEMA storage TO authenticated;
GRANT USAGE ON SCHEMA storage TO service_role;
GRANT ALL ON SCHEMA storage TO supabase_storage_admin WITH GRANT OPTION;
GRANT ALL ON SCHEMA storage TO dashboard_user;


--
-- TOC entry 4336 (class 0 OID 0)
-- Dependencies: 32
-- Name: SCHEMA vault; Type: ACL; Schema: -; Owner: supabase_admin
--

GRANT USAGE ON SCHEMA vault TO postgres WITH GRANT OPTION;
GRANT USAGE ON SCHEMA vault TO service_role;


--
-- TOC entry 4343 (class 0 OID 0)
-- Dependencies: 497
-- Name: FUNCTION email(); Type: ACL; Schema: auth; Owner: supabase_auth_admin
--

GRANT ALL ON FUNCTION auth.email() TO dashboard_user;


--
-- TOC entry 4344 (class 0 OID 0)
-- Dependencies: 486
-- Name: FUNCTION jwt(); Type: ACL; Schema: auth; Owner: supabase_auth_admin
--

GRANT ALL ON FUNCTION auth.jwt() TO postgres;
GRANT ALL ON FUNCTION auth.jwt() TO dashboard_user;


--
-- TOC entry 4346 (class 0 OID 0)
-- Dependencies: 496
-- Name: FUNCTION role(); Type: ACL; Schema: auth; Owner: supabase_auth_admin
--

GRANT ALL ON FUNCTION auth.role() TO dashboard_user;


--
-- TOC entry 4348 (class 0 OID 0)
-- Dependencies: 501
-- Name: FUNCTION uid(); Type: ACL; Schema: auth; Owner: supabase_auth_admin
--

GRANT ALL ON FUNCTION auth.uid() TO dashboard_user;


--
-- TOC entry 4349 (class 0 OID 0)
-- Dependencies: 419
-- Name: FUNCTION armor(bytea); Type: ACL; Schema: extensions; Owner: postgres
--

REVOKE ALL ON FUNCTION extensions.armor(bytea) FROM postgres;
GRANT ALL ON FUNCTION extensions.armor(bytea) TO postgres WITH GRANT OPTION;
GRANT ALL ON FUNCTION extensions.armor(bytea) TO dashboard_user;


--
-- TOC entry 4350 (class 0 OID 0)
-- Dependencies: 392
-- Name: FUNCTION armor(bytea, text[], text[]); Type: ACL; Schema: extensions; Owner: postgres
--

REVOKE ALL ON FUNCTION extensions.armor(bytea, text[], text[]) FROM postgres;
GRANT ALL ON FUNCTION extensions.armor(bytea, text[], text[]) TO postgres WITH GRANT OPTION;
GRANT ALL ON FUNCTION extensions.armor(bytea, text[], text[]) TO dashboard_user;


--
-- TOC entry 4351 (class 0 OID 0)
-- Dependencies: 446
-- Name: FUNCTION crypt(text, text); Type: ACL; Schema: extensions; Owner: postgres
--

REVOKE ALL ON FUNCTION extensions.crypt(text, text) FROM postgres;
GRANT ALL ON FUNCTION extensions.crypt(text, text) TO postgres WITH GRANT OPTION;
GRANT ALL ON FUNCTION extensions.crypt(text, text) TO dashboard_user;


--
-- TOC entry 4352 (class 0 OID 0)
-- Dependencies: 447
-- Name: FUNCTION dearmor(text); Type: ACL; Schema: extensions; Owner: postgres
--

REVOKE ALL ON FUNCTION extensions.dearmor(text) FROM postgres;
GRANT ALL ON FUNCTION extensions.dearmor(text) TO postgres WITH GRANT OPTION;
GRANT ALL ON FUNCTION extensions.dearmor(text) TO dashboard_user;


--
-- TOC entry 4353 (class 0 OID 0)
-- Dependencies: 397
-- Name: FUNCTION decrypt(bytea, bytea, text); Type: ACL; Schema: extensions; Owner: postgres
--

REVOKE ALL ON FUNCTION extensions.decrypt(bytea, bytea, text) FROM postgres;
GRANT ALL ON FUNCTION extensions.decrypt(bytea, bytea, text) TO postgres WITH GRANT OPTION;
GRANT ALL ON FUNCTION extensions.decrypt(bytea, bytea, text) TO dashboard_user;


--
-- TOC entry 4354 (class 0 OID 0)
-- Dependencies: 409
-- Name: FUNCTION decrypt_iv(bytea, bytea, bytea, text); Type: ACL; Schema: extensions; Owner: postgres
--

REVOKE ALL ON FUNCTION extensions.decrypt_iv(bytea, bytea, bytea, text) FROM postgres;
GRANT ALL ON FUNCTION extensions.decrypt_iv(bytea, bytea, bytea, text) TO postgres WITH GRANT OPTION;
GRANT ALL ON FUNCTION extensions.decrypt_iv(bytea, bytea, bytea, text) TO dashboard_user;


--
-- TOC entry 4355 (class 0 OID 0)
-- Dependencies: 502
-- Name: FUNCTION digest(bytea, text); Type: ACL; Schema: extensions; Owner: postgres
--

REVOKE ALL ON FUNCTION extensions.digest(bytea, text) FROM postgres;
GRANT ALL ON FUNCTION extensions.digest(bytea, text) TO postgres WITH GRANT OPTION;
GRANT ALL ON FUNCTION extensions.digest(bytea, text) TO dashboard_user;


--
-- TOC entry 4356 (class 0 OID 0)
-- Dependencies: 452
-- Name: FUNCTION digest(text, text); Type: ACL; Schema: extensions; Owner: postgres
--

REVOKE ALL ON FUNCTION extensions.digest(text, text) FROM postgres;
GRANT ALL ON FUNCTION extensions.digest(text, text) TO postgres WITH GRANT OPTION;
GRANT ALL ON FUNCTION extensions.digest(text, text) TO dashboard_user;


--
-- TOC entry 4357 (class 0 OID 0)
-- Dependencies: 463
-- Name: FUNCTION encrypt(bytea, bytea, text); Type: ACL; Schema: extensions; Owner: postgres
--

REVOKE ALL ON FUNCTION extensions.encrypt(bytea, bytea, text) FROM postgres;
GRANT ALL ON FUNCTION extensions.encrypt(bytea, bytea, text) TO postgres WITH GRANT OPTION;
GRANT ALL ON FUNCTION extensions.encrypt(bytea, bytea, text) TO dashboard_user;


--
-- TOC entry 4358 (class 0 OID 0)
-- Dependencies: 500
-- Name: FUNCTION encrypt_iv(bytea, bytea, bytea, text); Type: ACL; Schema: extensions; Owner: postgres
--

REVOKE ALL ON FUNCTION extensions.encrypt_iv(bytea, bytea, bytea, text) FROM postgres;
GRANT ALL ON FUNCTION extensions.encrypt_iv(bytea, bytea, bytea, text) TO postgres WITH GRANT OPTION;
GRANT ALL ON FUNCTION extensions.encrypt_iv(bytea, bytea, bytea, text) TO dashboard_user;


--
-- TOC entry 4359 (class 0 OID 0)
-- Dependencies: 437
-- Name: FUNCTION gen_random_bytes(integer); Type: ACL; Schema: extensions; Owner: postgres
--

REVOKE ALL ON FUNCTION extensions.gen_random_bytes(integer) FROM postgres;
GRANT ALL ON FUNCTION extensions.gen_random_bytes(integer) TO postgres WITH GRANT OPTION;
GRANT ALL ON FUNCTION extensions.gen_random_bytes(integer) TO dashboard_user;


--
-- TOC entry 4360 (class 0 OID 0)
-- Dependencies: 488
-- Name: FUNCTION gen_random_uuid(); Type: ACL; Schema: extensions; Owner: postgres
--

REVOKE ALL ON FUNCTION extensions.gen_random_uuid() FROM postgres;
GRANT ALL ON FUNCTION extensions.gen_random_uuid() TO postgres WITH GRANT OPTION;
GRANT ALL ON FUNCTION extensions.gen_random_uuid() TO dashboard_user;


--
-- TOC entry 4361 (class 0 OID 0)
-- Dependencies: 399
-- Name: FUNCTION gen_salt(text); Type: ACL; Schema: extensions; Owner: postgres
--

REVOKE ALL ON FUNCTION extensions.gen_salt(text) FROM postgres;
GRANT ALL ON FUNCTION extensions.gen_salt(text) TO postgres WITH GRANT OPTION;
GRANT ALL ON FUNCTION extensions.gen_salt(text) TO dashboard_user;


--
-- TOC entry 4362 (class 0 OID 0)
-- Dependencies: 421
-- Name: FUNCTION gen_salt(text, integer); Type: ACL; Schema: extensions; Owner: postgres
--

REVOKE ALL ON FUNCTION extensions.gen_salt(text, integer) FROM postgres;
GRANT ALL ON FUNCTION extensions.gen_salt(text, integer) TO postgres WITH GRANT OPTION;
GRANT ALL ON FUNCTION extensions.gen_salt(text, integer) TO dashboard_user;


--
-- TOC entry 4364 (class 0 OID 0)
-- Dependencies: 494
-- Name: FUNCTION grant_pg_cron_access(); Type: ACL; Schema: extensions; Owner: supabase_admin
--

REVOKE ALL ON FUNCTION extensions.grant_pg_cron_access() FROM supabase_admin;
GRANT ALL ON FUNCTION extensions.grant_pg_cron_access() TO supabase_admin WITH GRANT OPTION;
GRANT ALL ON FUNCTION extensions.grant_pg_cron_access() TO dashboard_user;


--
-- TOC entry 4366 (class 0 OID 0)
-- Dependencies: 441
-- Name: FUNCTION grant_pg_graphql_access(); Type: ACL; Schema: extensions; Owner: supabase_admin
--

GRANT ALL ON FUNCTION extensions.grant_pg_graphql_access() TO postgres WITH GRANT OPTION;


--
-- TOC entry 4368 (class 0 OID 0)
-- Dependencies: 420
-- Name: FUNCTION grant_pg_net_access(); Type: ACL; Schema: extensions; Owner: supabase_admin
--

REVOKE ALL ON FUNCTION extensions.grant_pg_net_access() FROM supabase_admin;
GRANT ALL ON FUNCTION extensions.grant_pg_net_access() TO supabase_admin WITH GRANT OPTION;
GRANT ALL ON FUNCTION extensions.grant_pg_net_access() TO dashboard_user;


--
-- TOC entry 4369 (class 0 OID 0)
-- Dependencies: 418
-- Name: FUNCTION hmac(bytea, bytea, text); Type: ACL; Schema: extensions; Owner: postgres
--

REVOKE ALL ON FUNCTION extensions.hmac(bytea, bytea, text) FROM postgres;
GRANT ALL ON FUNCTION extensions.hmac(bytea, bytea, text) TO postgres WITH GRANT OPTION;
GRANT ALL ON FUNCTION extensions.hmac(bytea, bytea, text) TO dashboard_user;


--
-- TOC entry 4370 (class 0 OID 0)
-- Dependencies: 498
-- Name: FUNCTION hmac(text, text, text); Type: ACL; Schema: extensions; Owner: postgres
--

REVOKE ALL ON FUNCTION extensions.hmac(text, text, text) FROM postgres;
GRANT ALL ON FUNCTION extensions.hmac(text, text, text) TO postgres WITH GRANT OPTION;
GRANT ALL ON FUNCTION extensions.hmac(text, text, text) TO dashboard_user;


--
-- TOC entry 4371 (class 0 OID 0)
-- Dependencies: 398
-- Name: FUNCTION pg_stat_statements(showtext boolean, OUT userid oid, OUT dbid oid, OUT toplevel boolean, OUT queryid bigint, OUT query text, OUT plans bigint, OUT total_plan_time double precision, OUT min_plan_time double precision, OUT max_plan_time double precision, OUT mean_plan_time double precision, OUT stddev_plan_time double precision, OUT calls bigint, OUT total_exec_time double precision, OUT min_exec_time double precision, OUT max_exec_time double precision, OUT mean_exec_time double precision, OUT stddev_exec_time double precision, OUT rows bigint, OUT shared_blks_hit bigint, OUT shared_blks_read bigint, OUT shared_blks_dirtied bigint, OUT shared_blks_written bigint, OUT local_blks_hit bigint, OUT local_blks_read bigint, OUT local_blks_dirtied bigint, OUT local_blks_written bigint, OUT temp_blks_read bigint, OUT temp_blks_written bigint, OUT shared_blk_read_time double precision, OUT shared_blk_write_time double precision, OUT local_blk_read_time double precision, OUT local_blk_write_time double precision, OUT temp_blk_read_time double precision, OUT temp_blk_write_time double precision, OUT wal_records bigint, OUT wal_fpi bigint, OUT wal_bytes numeric, OUT jit_functions bigint, OUT jit_generation_time double precision, OUT jit_inlining_count bigint, OUT jit_inlining_time double precision, OUT jit_optimization_count bigint, OUT jit_optimization_time double precision, OUT jit_emission_count bigint, OUT jit_emission_time double precision, OUT jit_deform_count bigint, OUT jit_deform_time double precision, OUT stats_since timestamp with time zone, OUT minmax_stats_since timestamp with time zone); Type: ACL; Schema: extensions; Owner: postgres
--

REVOKE ALL ON FUNCTION extensions.pg_stat_statements(showtext boolean, OUT userid oid, OUT dbid oid, OUT toplevel boolean, OUT queryid bigint, OUT query text, OUT plans bigint, OUT total_plan_time double precision, OUT min_plan_time double precision, OUT max_plan_time double precision, OUT mean_plan_time double precision, OUT stddev_plan_time double precision, OUT calls bigint, OUT total_exec_time double precision, OUT min_exec_time double precision, OUT max_exec_time double precision, OUT mean_exec_time double precision, OUT stddev_exec_time double precision, OUT rows bigint, OUT shared_blks_hit bigint, OUT shared_blks_read bigint, OUT shared_blks_dirtied bigint, OUT shared_blks_written bigint, OUT local_blks_hit bigint, OUT local_blks_read bigint, OUT local_blks_dirtied bigint, OUT local_blks_written bigint, OUT temp_blks_read bigint, OUT temp_blks_written bigint, OUT shared_blk_read_time double precision, OUT shared_blk_write_time double precision, OUT local_blk_read_time double precision, OUT local_blk_write_time double precision, OUT temp_blk_read_time double precision, OUT temp_blk_write_time double precision, OUT wal_records bigint, OUT wal_fpi bigint, OUT wal_bytes numeric, OUT jit_functions bigint, OUT jit_generation_time double precision, OUT jit_inlining_count bigint, OUT jit_inlining_time double precision, OUT jit_optimization_count bigint, OUT jit_optimization_time double precision, OUT jit_emission_count bigint, OUT jit_emission_time double precision, OUT jit_deform_count bigint, OUT jit_deform_time double precision, OUT stats_since timestamp with time zone, OUT minmax_stats_since timestamp with time zone) FROM postgres;
GRANT ALL ON FUNCTION extensions.pg_stat_statements(showtext boolean, OUT userid oid, OUT dbid oid, OUT toplevel boolean, OUT queryid bigint, OUT query text, OUT plans bigint, OUT total_plan_time double precision, OUT min_plan_time double precision, OUT max_plan_time double precision, OUT mean_plan_time double precision, OUT stddev_plan_time double precision, OUT calls bigint, OUT total_exec_time double precision, OUT min_exec_time double precision, OUT max_exec_time double precision, OUT mean_exec_time double precision, OUT stddev_exec_time double precision, OUT rows bigint, OUT shared_blks_hit bigint, OUT shared_blks_read bigint, OUT shared_blks_dirtied bigint, OUT shared_blks_written bigint, OUT local_blks_hit bigint, OUT local_blks_read bigint, OUT local_blks_dirtied bigint, OUT local_blks_written bigint, OUT temp_blks_read bigint, OUT temp_blks_written bigint, OUT shared_blk_read_time double precision, OUT shared_blk_write_time double precision, OUT local_blk_read_time double precision, OUT local_blk_write_time double precision, OUT temp_blk_read_time double precision, OUT temp_blk_write_time double precision, OUT wal_records bigint, OUT wal_fpi bigint, OUT wal_bytes numeric, OUT jit_functions bigint, OUT jit_generation_time double precision, OUT jit_inlining_count bigint, OUT jit_inlining_time double precision, OUT jit_optimization_count bigint, OUT jit_optimization_time double precision, OUT jit_emission_count bigint, OUT jit_emission_time double precision, OUT jit_deform_count bigint, OUT jit_deform_time double precision, OUT stats_since timestamp with time zone, OUT minmax_stats_since timestamp with time zone) TO postgres WITH GRANT OPTION;
GRANT ALL ON FUNCTION extensions.pg_stat_statements(showtext boolean, OUT userid oid, OUT dbid oid, OUT toplevel boolean, OUT queryid bigint, OUT query text, OUT plans bigint, OUT total_plan_time double precision, OUT min_plan_time double precision, OUT max_plan_time double precision, OUT mean_plan_time double precision, OUT stddev_plan_time double precision, OUT calls bigint, OUT total_exec_time double precision, OUT min_exec_time double precision, OUT max_exec_time double precision, OUT mean_exec_time double precision, OUT stddev_exec_time double precision, OUT rows bigint, OUT shared_blks_hit bigint, OUT shared_blks_read bigint, OUT shared_blks_dirtied bigint, OUT shared_blks_written bigint, OUT local_blks_hit bigint, OUT local_blks_read bigint, OUT local_blks_dirtied bigint, OUT local_blks_written bigint, OUT temp_blks_read bigint, OUT temp_blks_written bigint, OUT shared_blk_read_time double precision, OUT shared_blk_write_time double precision, OUT local_blk_read_time double precision, OUT local_blk_write_time double precision, OUT temp_blk_read_time double precision, OUT temp_blk_write_time double precision, OUT wal_records bigint, OUT wal_fpi bigint, OUT wal_bytes numeric, OUT jit_functions bigint, OUT jit_generation_time double precision, OUT jit_inlining_count bigint, OUT jit_inlining_time double precision, OUT jit_optimization_count bigint, OUT jit_optimization_time double precision, OUT jit_emission_count bigint, OUT jit_emission_time double precision, OUT jit_deform_count bigint, OUT jit_deform_time double precision, OUT stats_since timestamp with time zone, OUT minmax_stats_since timestamp with time zone) TO dashboard_user;


--
-- TOC entry 4372 (class 0 OID 0)
-- Dependencies: 424
-- Name: FUNCTION pg_stat_statements_info(OUT dealloc bigint, OUT stats_reset timestamp with time zone); Type: ACL; Schema: extensions; Owner: postgres
--

REVOKE ALL ON FUNCTION extensions.pg_stat_statements_info(OUT dealloc bigint, OUT stats_reset timestamp with time zone) FROM postgres;
GRANT ALL ON FUNCTION extensions.pg_stat_statements_info(OUT dealloc bigint, OUT stats_reset timestamp with time zone) TO postgres WITH GRANT OPTION;
GRANT ALL ON FUNCTION extensions.pg_stat_statements_info(OUT dealloc bigint, OUT stats_reset timestamp with time zone) TO dashboard_user;


--
-- TOC entry 4373 (class 0 OID 0)
-- Dependencies: 439
-- Name: FUNCTION pg_stat_statements_reset(userid oid, dbid oid, queryid bigint, minmax_only boolean); Type: ACL; Schema: extensions; Owner: postgres
--

REVOKE ALL ON FUNCTION extensions.pg_stat_statements_reset(userid oid, dbid oid, queryid bigint, minmax_only boolean) FROM postgres;
GRANT ALL ON FUNCTION extensions.pg_stat_statements_reset(userid oid, dbid oid, queryid bigint, minmax_only boolean) TO postgres WITH GRANT OPTION;
GRANT ALL ON FUNCTION extensions.pg_stat_statements_reset(userid oid, dbid oid, queryid bigint, minmax_only boolean) TO dashboard_user;


--
-- TOC entry 4374 (class 0 OID 0)
-- Dependencies: 423
-- Name: FUNCTION pgp_armor_headers(text, OUT key text, OUT value text); Type: ACL; Schema: extensions; Owner: postgres
--

REVOKE ALL ON FUNCTION extensions.pgp_armor_headers(text, OUT key text, OUT value text) FROM postgres;
GRANT ALL ON FUNCTION extensions.pgp_armor_headers(text, OUT key text, OUT value text) TO postgres WITH GRANT OPTION;
GRANT ALL ON FUNCTION extensions.pgp_armor_headers(text, OUT key text, OUT value text) TO dashboard_user;


--
-- TOC entry 4375 (class 0 OID 0)
-- Dependencies: 426
-- Name: FUNCTION pgp_key_id(bytea); Type: ACL; Schema: extensions; Owner: postgres
--

REVOKE ALL ON FUNCTION extensions.pgp_key_id(bytea) FROM postgres;
GRANT ALL ON FUNCTION extensions.pgp_key_id(bytea) TO postgres WITH GRANT OPTION;
GRANT ALL ON FUNCTION extensions.pgp_key_id(bytea) TO dashboard_user;


--
-- TOC entry 4376 (class 0 OID 0)
-- Dependencies: 485
-- Name: FUNCTION pgp_pub_decrypt(bytea, bytea); Type: ACL; Schema: extensions; Owner: postgres
--

REVOKE ALL ON FUNCTION extensions.pgp_pub_decrypt(bytea, bytea) FROM postgres;
GRANT ALL ON FUNCTION extensions.pgp_pub_decrypt(bytea, bytea) TO postgres WITH GRANT OPTION;
GRANT ALL ON FUNCTION extensions.pgp_pub_decrypt(bytea, bytea) TO dashboard_user;


--
-- TOC entry 4377 (class 0 OID 0)
-- Dependencies: 422
-- Name: FUNCTION pgp_pub_decrypt(bytea, bytea, text); Type: ACL; Schema: extensions; Owner: postgres
--

REVOKE ALL ON FUNCTION extensions.pgp_pub_decrypt(bytea, bytea, text) FROM postgres;
GRANT ALL ON FUNCTION extensions.pgp_pub_decrypt(bytea, bytea, text) TO postgres WITH GRANT OPTION;
GRANT ALL ON FUNCTION extensions.pgp_pub_decrypt(bytea, bytea, text) TO dashboard_user;


--
-- TOC entry 4378 (class 0 OID 0)
-- Dependencies: 464
-- Name: FUNCTION pgp_pub_decrypt(bytea, bytea, text, text); Type: ACL; Schema: extensions; Owner: postgres
--

REVOKE ALL ON FUNCTION extensions.pgp_pub_decrypt(bytea, bytea, text, text) FROM postgres;
GRANT ALL ON FUNCTION extensions.pgp_pub_decrypt(bytea, bytea, text, text) TO postgres WITH GRANT OPTION;
GRANT ALL ON FUNCTION extensions.pgp_pub_decrypt(bytea, bytea, text, text) TO dashboard_user;


--
-- TOC entry 4379 (class 0 OID 0)
-- Dependencies: 491
-- Name: FUNCTION pgp_pub_decrypt_bytea(bytea, bytea); Type: ACL; Schema: extensions; Owner: postgres
--

REVOKE ALL ON FUNCTION extensions.pgp_pub_decrypt_bytea(bytea, bytea) FROM postgres;
GRANT ALL ON FUNCTION extensions.pgp_pub_decrypt_bytea(bytea, bytea) TO postgres WITH GRANT OPTION;
GRANT ALL ON FUNCTION extensions.pgp_pub_decrypt_bytea(bytea, bytea) TO dashboard_user;


--
-- TOC entry 4380 (class 0 OID 0)
-- Dependencies: 433
-- Name: FUNCTION pgp_pub_decrypt_bytea(bytea, bytea, text); Type: ACL; Schema: extensions; Owner: postgres
--

REVOKE ALL ON FUNCTION extensions.pgp_pub_decrypt_bytea(bytea, bytea, text) FROM postgres;
GRANT ALL ON FUNCTION extensions.pgp_pub_decrypt_bytea(bytea, bytea, text) TO postgres WITH GRANT OPTION;
GRANT ALL ON FUNCTION extensions.pgp_pub_decrypt_bytea(bytea, bytea, text) TO dashboard_user;


--
-- TOC entry 4381 (class 0 OID 0)
-- Dependencies: 444
-- Name: FUNCTION pgp_pub_decrypt_bytea(bytea, bytea, text, text); Type: ACL; Schema: extensions; Owner: postgres
--

REVOKE ALL ON FUNCTION extensions.pgp_pub_decrypt_bytea(bytea, bytea, text, text) FROM postgres;
GRANT ALL ON FUNCTION extensions.pgp_pub_decrypt_bytea(bytea, bytea, text, text) TO postgres WITH GRANT OPTION;
GRANT ALL ON FUNCTION extensions.pgp_pub_decrypt_bytea(bytea, bytea, text, text) TO dashboard_user;


--
-- TOC entry 4382 (class 0 OID 0)
-- Dependencies: 482
-- Name: FUNCTION pgp_pub_encrypt(text, bytea); Type: ACL; Schema: extensions; Owner: postgres
--

REVOKE ALL ON FUNCTION extensions.pgp_pub_encrypt(text, bytea) FROM postgres;
GRANT ALL ON FUNCTION extensions.pgp_pub_encrypt(text, bytea) TO postgres WITH GRANT OPTION;
GRANT ALL ON FUNCTION extensions.pgp_pub_encrypt(text, bytea) TO dashboard_user;


--
-- TOC entry 4383 (class 0 OID 0)
-- Dependencies: 390
-- Name: FUNCTION pgp_pub_encrypt(text, bytea, text); Type: ACL; Schema: extensions; Owner: postgres
--

REVOKE ALL ON FUNCTION extensions.pgp_pub_encrypt(text, bytea, text) FROM postgres;
GRANT ALL ON FUNCTION extensions.pgp_pub_encrypt(text, bytea, text) TO postgres WITH GRANT OPTION;
GRANT ALL ON FUNCTION extensions.pgp_pub_encrypt(text, bytea, text) TO dashboard_user;


--
-- TOC entry 4384 (class 0 OID 0)
-- Dependencies: 403
-- Name: FUNCTION pgp_pub_encrypt_bytea(bytea, bytea); Type: ACL; Schema: extensions; Owner: postgres
--

REVOKE ALL ON FUNCTION extensions.pgp_pub_encrypt_bytea(bytea, bytea) FROM postgres;
GRANT ALL ON FUNCTION extensions.pgp_pub_encrypt_bytea(bytea, bytea) TO postgres WITH GRANT OPTION;
GRANT ALL ON FUNCTION extensions.pgp_pub_encrypt_bytea(bytea, bytea) TO dashboard_user;


--
-- TOC entry 4385 (class 0 OID 0)
-- Dependencies: 492
-- Name: FUNCTION pgp_pub_encrypt_bytea(bytea, bytea, text); Type: ACL; Schema: extensions; Owner: postgres
--

REVOKE ALL ON FUNCTION extensions.pgp_pub_encrypt_bytea(bytea, bytea, text) FROM postgres;
GRANT ALL ON FUNCTION extensions.pgp_pub_encrypt_bytea(bytea, bytea, text) TO postgres WITH GRANT OPTION;
GRANT ALL ON FUNCTION extensions.pgp_pub_encrypt_bytea(bytea, bytea, text) TO dashboard_user;


--
-- TOC entry 4386 (class 0 OID 0)
-- Dependencies: 431
-- Name: FUNCTION pgp_sym_decrypt(bytea, text); Type: ACL; Schema: extensions; Owner: postgres
--

REVOKE ALL ON FUNCTION extensions.pgp_sym_decrypt(bytea, text) FROM postgres;
GRANT ALL ON FUNCTION extensions.pgp_sym_decrypt(bytea, text) TO postgres WITH GRANT OPTION;
GRANT ALL ON FUNCTION extensions.pgp_sym_decrypt(bytea, text) TO dashboard_user;


--
-- TOC entry 4387 (class 0 OID 0)
-- Dependencies: 428
-- Name: FUNCTION pgp_sym_decrypt(bytea, text, text); Type: ACL; Schema: extensions; Owner: postgres
--

REVOKE ALL ON FUNCTION extensions.pgp_sym_decrypt(bytea, text, text) FROM postgres;
GRANT ALL ON FUNCTION extensions.pgp_sym_decrypt(bytea, text, text) TO postgres WITH GRANT OPTION;
GRANT ALL ON FUNCTION extensions.pgp_sym_decrypt(bytea, text, text) TO dashboard_user;


--
-- TOC entry 4388 (class 0 OID 0)
-- Dependencies: 417
-- Name: FUNCTION pgp_sym_decrypt_bytea(bytea, text); Type: ACL; Schema: extensions; Owner: postgres
--

REVOKE ALL ON FUNCTION extensions.pgp_sym_decrypt_bytea(bytea, text) FROM postgres;
GRANT ALL ON FUNCTION extensions.pgp_sym_decrypt_bytea(bytea, text) TO postgres WITH GRANT OPTION;
GRANT ALL ON FUNCTION extensions.pgp_sym_decrypt_bytea(bytea, text) TO dashboard_user;


--
-- TOC entry 4389 (class 0 OID 0)
-- Dependencies: 478
-- Name: FUNCTION pgp_sym_decrypt_bytea(bytea, text, text); Type: ACL; Schema: extensions; Owner: postgres
--

REVOKE ALL ON FUNCTION extensions.pgp_sym_decrypt_bytea(bytea, text, text) FROM postgres;
GRANT ALL ON FUNCTION extensions.pgp_sym_decrypt_bytea(bytea, text, text) TO postgres WITH GRANT OPTION;
GRANT ALL ON FUNCTION extensions.pgp_sym_decrypt_bytea(bytea, text, text) TO dashboard_user;


--
-- TOC entry 4390 (class 0 OID 0)
-- Dependencies: 481
-- Name: FUNCTION pgp_sym_encrypt(text, text); Type: ACL; Schema: extensions; Owner: postgres
--

REVOKE ALL ON FUNCTION extensions.pgp_sym_encrypt(text, text) FROM postgres;
GRANT ALL ON FUNCTION extensions.pgp_sym_encrypt(text, text) TO postgres WITH GRANT OPTION;
GRANT ALL ON FUNCTION extensions.pgp_sym_encrypt(text, text) TO dashboard_user;


--
-- TOC entry 4391 (class 0 OID 0)
-- Dependencies: 430
-- Name: FUNCTION pgp_sym_encrypt(text, text, text); Type: ACL; Schema: extensions; Owner: postgres
--

REVOKE ALL ON FUNCTION extensions.pgp_sym_encrypt(text, text, text) FROM postgres;
GRANT ALL ON FUNCTION extensions.pgp_sym_encrypt(text, text, text) TO postgres WITH GRANT OPTION;
GRANT ALL ON FUNCTION extensions.pgp_sym_encrypt(text, text, text) TO dashboard_user;


--
-- TOC entry 4392 (class 0 OID 0)
-- Dependencies: 484
-- Name: FUNCTION pgp_sym_encrypt_bytea(bytea, text); Type: ACL; Schema: extensions; Owner: postgres
--

REVOKE ALL ON FUNCTION extensions.pgp_sym_encrypt_bytea(bytea, text) FROM postgres;
GRANT ALL ON FUNCTION extensions.pgp_sym_encrypt_bytea(bytea, text) TO postgres WITH GRANT OPTION;
GRANT ALL ON FUNCTION extensions.pgp_sym_encrypt_bytea(bytea, text) TO dashboard_user;


--
-- TOC entry 4393 (class 0 OID 0)
-- Dependencies: 480
-- Name: FUNCTION pgp_sym_encrypt_bytea(bytea, text, text); Type: ACL; Schema: extensions; Owner: postgres
--

REVOKE ALL ON FUNCTION extensions.pgp_sym_encrypt_bytea(bytea, text, text) FROM postgres;
GRANT ALL ON FUNCTION extensions.pgp_sym_encrypt_bytea(bytea, text, text) TO postgres WITH GRANT OPTION;
GRANT ALL ON FUNCTION extensions.pgp_sym_encrypt_bytea(bytea, text, text) TO dashboard_user;


--
-- TOC entry 4394 (class 0 OID 0)
-- Dependencies: 395
-- Name: FUNCTION pgrst_ddl_watch(); Type: ACL; Schema: extensions; Owner: supabase_admin
--

GRANT ALL ON FUNCTION extensions.pgrst_ddl_watch() TO postgres WITH GRANT OPTION;


--
-- TOC entry 4395 (class 0 OID 0)
-- Dependencies: 402
-- Name: FUNCTION pgrst_drop_watch(); Type: ACL; Schema: extensions; Owner: supabase_admin
--

GRANT ALL ON FUNCTION extensions.pgrst_drop_watch() TO postgres WITH GRANT OPTION;


--
-- TOC entry 4397 (class 0 OID 0)
-- Dependencies: 435
-- Name: FUNCTION set_graphql_placeholder(); Type: ACL; Schema: extensions; Owner: supabase_admin
--

GRANT ALL ON FUNCTION extensions.set_graphql_placeholder() TO postgres WITH GRANT OPTION;


--
-- TOC entry 4398 (class 0 OID 0)
-- Dependencies: 414
-- Name: FUNCTION uuid_generate_v1(); Type: ACL; Schema: extensions; Owner: postgres
--

REVOKE ALL ON FUNCTION extensions.uuid_generate_v1() FROM postgres;
GRANT ALL ON FUNCTION extensions.uuid_generate_v1() TO postgres WITH GRANT OPTION;
GRANT ALL ON FUNCTION extensions.uuid_generate_v1() TO dashboard_user;


--
-- TOC entry 4399 (class 0 OID 0)
-- Dependencies: 413
-- Name: FUNCTION uuid_generate_v1mc(); Type: ACL; Schema: extensions; Owner: postgres
--

REVOKE ALL ON FUNCTION extensions.uuid_generate_v1mc() FROM postgres;
GRANT ALL ON FUNCTION extensions.uuid_generate_v1mc() TO postgres WITH GRANT OPTION;
GRANT ALL ON FUNCTION extensions.uuid_generate_v1mc() TO dashboard_user;


--
-- TOC entry 4400 (class 0 OID 0)
-- Dependencies: 456
-- Name: FUNCTION uuid_generate_v3(namespace uuid, name text); Type: ACL; Schema: extensions; Owner: postgres
--

REVOKE ALL ON FUNCTION extensions.uuid_generate_v3(namespace uuid, name text) FROM postgres;
GRANT ALL ON FUNCTION extensions.uuid_generate_v3(namespace uuid, name text) TO postgres WITH GRANT OPTION;
GRANT ALL ON FUNCTION extensions.uuid_generate_v3(namespace uuid, name text) TO dashboard_user;


--
-- TOC entry 4401 (class 0 OID 0)
-- Dependencies: 475
-- Name: FUNCTION uuid_generate_v4(); Type: ACL; Schema: extensions; Owner: postgres
--

REVOKE ALL ON FUNCTION extensions.uuid_generate_v4() FROM postgres;
GRANT ALL ON FUNCTION extensions.uuid_generate_v4() TO postgres WITH GRANT OPTION;
GRANT ALL ON FUNCTION extensions.uuid_generate_v4() TO dashboard_user;


--
-- TOC entry 4402 (class 0 OID 0)
-- Dependencies: 490
-- Name: FUNCTION uuid_generate_v5(namespace uuid, name text); Type: ACL; Schema: extensions; Owner: postgres
--

REVOKE ALL ON FUNCTION extensions.uuid_generate_v5(namespace uuid, name text) FROM postgres;
GRANT ALL ON FUNCTION extensions.uuid_generate_v5(namespace uuid, name text) TO postgres WITH GRANT OPTION;
GRANT ALL ON FUNCTION extensions.uuid_generate_v5(namespace uuid, name text) TO dashboard_user;


--
-- TOC entry 4403 (class 0 OID 0)
-- Dependencies: 454
-- Name: FUNCTION uuid_nil(); Type: ACL; Schema: extensions; Owner: postgres
--

REVOKE ALL ON FUNCTION extensions.uuid_nil() FROM postgres;
GRANT ALL ON FUNCTION extensions.uuid_nil() TO postgres WITH GRANT OPTION;
GRANT ALL ON FUNCTION extensions.uuid_nil() TO dashboard_user;


--
-- TOC entry 4404 (class 0 OID 0)
-- Dependencies: 432
-- Name: FUNCTION uuid_ns_dns(); Type: ACL; Schema: extensions; Owner: postgres
--

REVOKE ALL ON FUNCTION extensions.uuid_ns_dns() FROM postgres;
GRANT ALL ON FUNCTION extensions.uuid_ns_dns() TO postgres WITH GRANT OPTION;
GRANT ALL ON FUNCTION extensions.uuid_ns_dns() TO dashboard_user;


--
-- TOC entry 4405 (class 0 OID 0)
-- Dependencies: 389
-- Name: FUNCTION uuid_ns_oid(); Type: ACL; Schema: extensions; Owner: postgres
--

REVOKE ALL ON FUNCTION extensions.uuid_ns_oid() FROM postgres;
GRANT ALL ON FUNCTION extensions.uuid_ns_oid() TO postgres WITH GRANT OPTION;
GRANT ALL ON FUNCTION extensions.uuid_ns_oid() TO dashboard_user;


--
-- TOC entry 4406 (class 0 OID 0)
-- Dependencies: 469
-- Name: FUNCTION uuid_ns_url(); Type: ACL; Schema: extensions; Owner: postgres
--

REVOKE ALL ON FUNCTION extensions.uuid_ns_url() FROM postgres;
GRANT ALL ON FUNCTION extensions.uuid_ns_url() TO postgres WITH GRANT OPTION;
GRANT ALL ON FUNCTION extensions.uuid_ns_url() TO dashboard_user;


--
-- TOC entry 4407 (class 0 OID 0)
-- Dependencies: 408
-- Name: FUNCTION uuid_ns_x500(); Type: ACL; Schema: extensions; Owner: postgres
--

REVOKE ALL ON FUNCTION extensions.uuid_ns_x500() FROM postgres;
GRANT ALL ON FUNCTION extensions.uuid_ns_x500() TO postgres WITH GRANT OPTION;
GRANT ALL ON FUNCTION extensions.uuid_ns_x500() TO dashboard_user;


--
-- TOC entry 4408 (class 0 OID 0)
-- Dependencies: 451
-- Name: FUNCTION graphql("operationName" text, query text, variables jsonb, extensions jsonb); Type: ACL; Schema: graphql_public; Owner: supabase_admin
--

GRANT ALL ON FUNCTION graphql_public.graphql("operationName" text, query text, variables jsonb, extensions jsonb) TO postgres;
GRANT ALL ON FUNCTION graphql_public.graphql("operationName" text, query text, variables jsonb, extensions jsonb) TO anon;
GRANT ALL ON FUNCTION graphql_public.graphql("operationName" text, query text, variables jsonb, extensions jsonb) TO authenticated;
GRANT ALL ON FUNCTION graphql_public.graphql("operationName" text, query text, variables jsonb, extensions jsonb) TO service_role;


--
-- TOC entry 4409 (class 0 OID 0)
-- Dependencies: 400
-- Name: FUNCTION pg_reload_conf(); Type: ACL; Schema: pg_catalog; Owner: supabase_admin
--

GRANT ALL ON FUNCTION pg_catalog.pg_reload_conf() TO postgres WITH GRANT OPTION;


--
-- TOC entry 4410 (class 0 OID 0)
-- Dependencies: 404
-- Name: FUNCTION get_auth(p_usename text); Type: ACL; Schema: pgbouncer; Owner: supabase_admin
--

REVOKE ALL ON FUNCTION pgbouncer.get_auth(p_usename text) FROM PUBLIC;
GRANT ALL ON FUNCTION pgbouncer.get_auth(p_usename text) TO pgbouncer;


--
-- TOC entry 4411 (class 0 OID 0)
-- Dependencies: 438
-- Name: FUNCTION handle_new_user(); Type: ACL; Schema: public; Owner: postgres
--

GRANT ALL ON FUNCTION public.handle_new_user() TO anon;
GRANT ALL ON FUNCTION public.handle_new_user() TO authenticated;
GRANT ALL ON FUNCTION public.handle_new_user() TO service_role;


--
-- TOC entry 4412 (class 0 OID 0)
-- Dependencies: 412
-- Name: FUNCTION is_admin(); Type: ACL; Schema: public; Owner: postgres
--

GRANT ALL ON FUNCTION public.is_admin() TO anon;
GRANT ALL ON FUNCTION public.is_admin() TO authenticated;
GRANT ALL ON FUNCTION public.is_admin() TO service_role;


--
-- TOC entry 4413 (class 0 OID 0)
-- Dependencies: 450
-- Name: FUNCTION rls_auto_enable(); Type: ACL; Schema: public; Owner: postgres
--

GRANT ALL ON FUNCTION public.rls_auto_enable() TO anon;
GRANT ALL ON FUNCTION public.rls_auto_enable() TO authenticated;
GRANT ALL ON FUNCTION public.rls_auto_enable() TO service_role;


--
-- TOC entry 4414 (class 0 OID 0)
-- Dependencies: 429
-- Name: FUNCTION apply_rls(wal jsonb, max_record_bytes integer); Type: ACL; Schema: realtime; Owner: supabase_admin
--

GRANT ALL ON FUNCTION realtime.apply_rls(wal jsonb, max_record_bytes integer) TO postgres;
GRANT ALL ON FUNCTION realtime.apply_rls(wal jsonb, max_record_bytes integer) TO dashboard_user;
GRANT ALL ON FUNCTION realtime.apply_rls(wal jsonb, max_record_bytes integer) TO anon;
GRANT ALL ON FUNCTION realtime.apply_rls(wal jsonb, max_record_bytes integer) TO authenticated;
GRANT ALL ON FUNCTION realtime.apply_rls(wal jsonb, max_record_bytes integer) TO service_role;
GRANT ALL ON FUNCTION realtime.apply_rls(wal jsonb, max_record_bytes integer) TO supabase_realtime_admin;


--
-- TOC entry 4415 (class 0 OID 0)
-- Dependencies: 449
-- Name: FUNCTION broadcast_changes(topic_name text, event_name text, operation text, table_name text, table_schema text, new record, old record, level text); Type: ACL; Schema: realtime; Owner: supabase_admin
--

GRANT ALL ON FUNCTION realtime.broadcast_changes(topic_name text, event_name text, operation text, table_name text, table_schema text, new record, old record, level text) TO postgres;
GRANT ALL ON FUNCTION realtime.broadcast_changes(topic_name text, event_name text, operation text, table_name text, table_schema text, new record, old record, level text) TO dashboard_user;


--
-- TOC entry 4416 (class 0 OID 0)
-- Dependencies: 479
-- Name: FUNCTION build_prepared_statement_sql(prepared_statement_name text, entity regclass, columns realtime.wal_column[]); Type: ACL; Schema: realtime; Owner: supabase_admin
--

GRANT ALL ON FUNCTION realtime.build_prepared_statement_sql(prepared_statement_name text, entity regclass, columns realtime.wal_column[]) TO postgres;
GRANT ALL ON FUNCTION realtime.build_prepared_statement_sql(prepared_statement_name text, entity regclass, columns realtime.wal_column[]) TO dashboard_user;
GRANT ALL ON FUNCTION realtime.build_prepared_statement_sql(prepared_statement_name text, entity regclass, columns realtime.wal_column[]) TO anon;
GRANT ALL ON FUNCTION realtime.build_prepared_statement_sql(prepared_statement_name text, entity regclass, columns realtime.wal_column[]) TO authenticated;
GRANT ALL ON FUNCTION realtime.build_prepared_statement_sql(prepared_statement_name text, entity regclass, columns realtime.wal_column[]) TO service_role;
GRANT ALL ON FUNCTION realtime.build_prepared_statement_sql(prepared_statement_name text, entity regclass, columns realtime.wal_column[]) TO supabase_realtime_admin;


--
-- TOC entry 4417 (class 0 OID 0)
-- Dependencies: 405
-- Name: FUNCTION "cast"(val text, type_ regtype); Type: ACL; Schema: realtime; Owner: supabase_admin
--

GRANT ALL ON FUNCTION realtime."cast"(val text, type_ regtype) TO postgres;
GRANT ALL ON FUNCTION realtime."cast"(val text, type_ regtype) TO dashboard_user;
GRANT ALL ON FUNCTION realtime."cast"(val text, type_ regtype) TO anon;
GRANT ALL ON FUNCTION realtime."cast"(val text, type_ regtype) TO authenticated;
GRANT ALL ON FUNCTION realtime."cast"(val text, type_ regtype) TO service_role;
GRANT ALL ON FUNCTION realtime."cast"(val text, type_ regtype) TO supabase_realtime_admin;


--
-- TOC entry 4418 (class 0 OID 0)
-- Dependencies: 468
-- Name: FUNCTION check_equality_op(op realtime.equality_op, type_ regtype, val_1 text, val_2 text); Type: ACL; Schema: realtime; Owner: supabase_admin
--

GRANT ALL ON FUNCTION realtime.check_equality_op(op realtime.equality_op, type_ regtype, val_1 text, val_2 text) TO postgres;
GRANT ALL ON FUNCTION realtime.check_equality_op(op realtime.equality_op, type_ regtype, val_1 text, val_2 text) TO dashboard_user;
GRANT ALL ON FUNCTION realtime.check_equality_op(op realtime.equality_op, type_ regtype, val_1 text, val_2 text) TO anon;
GRANT ALL ON FUNCTION realtime.check_equality_op(op realtime.equality_op, type_ regtype, val_1 text, val_2 text) TO authenticated;
GRANT ALL ON FUNCTION realtime.check_equality_op(op realtime.equality_op, type_ regtype, val_1 text, val_2 text) TO service_role;
GRANT ALL ON FUNCTION realtime.check_equality_op(op realtime.equality_op, type_ regtype, val_1 text, val_2 text) TO supabase_realtime_admin;


--
-- TOC entry 4419 (class 0 OID 0)
-- Dependencies: 393
-- Name: FUNCTION is_visible_through_filters(columns realtime.wal_column[], filters realtime.user_defined_filter[]); Type: ACL; Schema: realtime; Owner: supabase_admin
--

GRANT ALL ON FUNCTION realtime.is_visible_through_filters(columns realtime.wal_column[], filters realtime.user_defined_filter[]) TO postgres;
GRANT ALL ON FUNCTION realtime.is_visible_through_filters(columns realtime.wal_column[], filters realtime.user_defined_filter[]) TO dashboard_user;
GRANT ALL ON FUNCTION realtime.is_visible_through_filters(columns realtime.wal_column[], filters realtime.user_defined_filter[]) TO anon;
GRANT ALL ON FUNCTION realtime.is_visible_through_filters(columns realtime.wal_column[], filters realtime.user_defined_filter[]) TO authenticated;
GRANT ALL ON FUNCTION realtime.is_visible_through_filters(columns realtime.wal_column[], filters realtime.user_defined_filter[]) TO service_role;
GRANT ALL ON FUNCTION realtime.is_visible_through_filters(columns realtime.wal_column[], filters realtime.user_defined_filter[]) TO supabase_realtime_admin;


--
-- TOC entry 4420 (class 0 OID 0)
-- Dependencies: 483
-- Name: FUNCTION list_changes(publication name, slot_name name, max_changes integer, max_record_bytes integer); Type: ACL; Schema: realtime; Owner: supabase_admin
--

GRANT ALL ON FUNCTION realtime.list_changes(publication name, slot_name name, max_changes integer, max_record_bytes integer) TO postgres;
GRANT ALL ON FUNCTION realtime.list_changes(publication name, slot_name name, max_changes integer, max_record_bytes integer) TO dashboard_user;


--
-- TOC entry 4421 (class 0 OID 0)
-- Dependencies: 443
-- Name: FUNCTION quote_wal2json(entity regclass); Type: ACL; Schema: realtime; Owner: supabase_admin
--

GRANT ALL ON FUNCTION realtime.quote_wal2json(entity regclass) TO postgres;
GRANT ALL ON FUNCTION realtime.quote_wal2json(entity regclass) TO dashboard_user;
GRANT ALL ON FUNCTION realtime.quote_wal2json(entity regclass) TO anon;
GRANT ALL ON FUNCTION realtime.quote_wal2json(entity regclass) TO authenticated;
GRANT ALL ON FUNCTION realtime.quote_wal2json(entity regclass) TO service_role;
GRANT ALL ON FUNCTION realtime.quote_wal2json(entity regclass) TO supabase_realtime_admin;


--
-- TOC entry 4422 (class 0 OID 0)
-- Dependencies: 487
-- Name: FUNCTION send(payload jsonb, event text, topic text, private boolean); Type: ACL; Schema: realtime; Owner: supabase_admin
--

GRANT ALL ON FUNCTION realtime.send(payload jsonb, event text, topic text, private boolean) TO postgres;
GRANT ALL ON FUNCTION realtime.send(payload jsonb, event text, topic text, private boolean) TO dashboard_user;


--
-- TOC entry 4423 (class 0 OID 0)
-- Dependencies: 472
-- Name: FUNCTION subscription_check_filters(); Type: ACL; Schema: realtime; Owner: supabase_admin
--

GRANT ALL ON FUNCTION realtime.subscription_check_filters() TO postgres;
GRANT ALL ON FUNCTION realtime.subscription_check_filters() TO dashboard_user;
GRANT ALL ON FUNCTION realtime.subscription_check_filters() TO anon;
GRANT ALL ON FUNCTION realtime.subscription_check_filters() TO authenticated;
GRANT ALL ON FUNCTION realtime.subscription_check_filters() TO service_role;
GRANT ALL ON FUNCTION realtime.subscription_check_filters() TO supabase_realtime_admin;


--
-- TOC entry 4424 (class 0 OID 0)
-- Dependencies: 493
-- Name: FUNCTION to_regrole(role_name text); Type: ACL; Schema: realtime; Owner: supabase_admin
--

GRANT ALL ON FUNCTION realtime.to_regrole(role_name text) TO postgres;
GRANT ALL ON FUNCTION realtime.to_regrole(role_name text) TO dashboard_user;
GRANT ALL ON FUNCTION realtime.to_regrole(role_name text) TO anon;
GRANT ALL ON FUNCTION realtime.to_regrole(role_name text) TO authenticated;
GRANT ALL ON FUNCTION realtime.to_regrole(role_name text) TO service_role;
GRANT ALL ON FUNCTION realtime.to_regrole(role_name text) TO supabase_realtime_admin;


--
-- TOC entry 4425 (class 0 OID 0)
-- Dependencies: 440
-- Name: FUNCTION topic(); Type: ACL; Schema: realtime; Owner: supabase_realtime_admin
--

GRANT ALL ON FUNCTION realtime.topic() TO postgres;
GRANT ALL ON FUNCTION realtime.topic() TO dashboard_user;


--
-- TOC entry 4426 (class 0 OID 0)
-- Dependencies: 467
-- Name: FUNCTION _crypto_aead_det_decrypt(message bytea, additional bytea, key_id bigint, context bytea, nonce bytea); Type: ACL; Schema: vault; Owner: supabase_admin
--

GRANT ALL ON FUNCTION vault._crypto_aead_det_decrypt(message bytea, additional bytea, key_id bigint, context bytea, nonce bytea) TO postgres WITH GRANT OPTION;
GRANT ALL ON FUNCTION vault._crypto_aead_det_decrypt(message bytea, additional bytea, key_id bigint, context bytea, nonce bytea) TO service_role;


--
-- TOC entry 4427 (class 0 OID 0)
-- Dependencies: 465
-- Name: FUNCTION create_secret(new_secret text, new_name text, new_description text, new_key_id uuid); Type: ACL; Schema: vault; Owner: supabase_admin
--

GRANT ALL ON FUNCTION vault.create_secret(new_secret text, new_name text, new_description text, new_key_id uuid) TO postgres WITH GRANT OPTION;
GRANT ALL ON FUNCTION vault.create_secret(new_secret text, new_name text, new_description text, new_key_id uuid) TO service_role;


--
-- TOC entry 4428 (class 0 OID 0)
-- Dependencies: 476
-- Name: FUNCTION update_secret(secret_id uuid, new_secret text, new_name text, new_description text, new_key_id uuid); Type: ACL; Schema: vault; Owner: supabase_admin
--

GRANT ALL ON FUNCTION vault.update_secret(secret_id uuid, new_secret text, new_name text, new_description text, new_key_id uuid) TO postgres WITH GRANT OPTION;
GRANT ALL ON FUNCTION vault.update_secret(secret_id uuid, new_secret text, new_name text, new_description text, new_key_id uuid) TO service_role;


--
-- TOC entry 4430 (class 0 OID 0)
-- Dependencies: 344
-- Name: TABLE audit_log_entries; Type: ACL; Schema: auth; Owner: supabase_auth_admin
--

GRANT ALL ON TABLE auth.audit_log_entries TO dashboard_user;
GRANT INSERT,REFERENCES,DELETE,TRIGGER,TRUNCATE,MAINTAIN,UPDATE ON TABLE auth.audit_log_entries TO postgres;
GRANT SELECT ON TABLE auth.audit_log_entries TO postgres WITH GRANT OPTION;


--
-- TOC entry 4431 (class 0 OID 0)
-- Dependencies: 364
-- Name: TABLE custom_oauth_providers; Type: ACL; Schema: auth; Owner: supabase_auth_admin
--

GRANT ALL ON TABLE auth.custom_oauth_providers TO postgres;
GRANT ALL ON TABLE auth.custom_oauth_providers TO dashboard_user;


--
-- TOC entry 4433 (class 0 OID 0)
-- Dependencies: 358
-- Name: TABLE flow_state; Type: ACL; Schema: auth; Owner: supabase_auth_admin
--

GRANT INSERT,REFERENCES,DELETE,TRIGGER,TRUNCATE,MAINTAIN,UPDATE ON TABLE auth.flow_state TO postgres;
GRANT SELECT ON TABLE auth.flow_state TO postgres WITH GRANT OPTION;
GRANT ALL ON TABLE auth.flow_state TO dashboard_user;


--
-- TOC entry 4436 (class 0 OID 0)
-- Dependencies: 349
-- Name: TABLE identities; Type: ACL; Schema: auth; Owner: supabase_auth_admin
--

GRANT INSERT,REFERENCES,DELETE,TRIGGER,TRUNCATE,MAINTAIN,UPDATE ON TABLE auth.identities TO postgres;
GRANT SELECT ON TABLE auth.identities TO postgres WITH GRANT OPTION;
GRANT ALL ON TABLE auth.identities TO dashboard_user;


--
-- TOC entry 4438 (class 0 OID 0)
-- Dependencies: 343
-- Name: TABLE instances; Type: ACL; Schema: auth; Owner: supabase_auth_admin
--

GRANT ALL ON TABLE auth.instances TO dashboard_user;
GRANT INSERT,REFERENCES,DELETE,TRIGGER,TRUNCATE,MAINTAIN,UPDATE ON TABLE auth.instances TO postgres;
GRANT SELECT ON TABLE auth.instances TO postgres WITH GRANT OPTION;


--
-- TOC entry 4440 (class 0 OID 0)
-- Dependencies: 353
-- Name: TABLE mfa_amr_claims; Type: ACL; Schema: auth; Owner: supabase_auth_admin
--

GRANT INSERT,REFERENCES,DELETE,TRIGGER,TRUNCATE,MAINTAIN,UPDATE ON TABLE auth.mfa_amr_claims TO postgres;
GRANT SELECT ON TABLE auth.mfa_amr_claims TO postgres WITH GRANT OPTION;
GRANT ALL ON TABLE auth.mfa_amr_claims TO dashboard_user;


--
-- TOC entry 4442 (class 0 OID 0)
-- Dependencies: 352
-- Name: TABLE mfa_challenges; Type: ACL; Schema: auth; Owner: supabase_auth_admin
--

GRANT INSERT,REFERENCES,DELETE,TRIGGER,TRUNCATE,MAINTAIN,UPDATE ON TABLE auth.mfa_challenges TO postgres;
GRANT SELECT ON TABLE auth.mfa_challenges TO postgres WITH GRANT OPTION;
GRANT ALL ON TABLE auth.mfa_challenges TO dashboard_user;


--
-- TOC entry 4445 (class 0 OID 0)
-- Dependencies: 351
-- Name: TABLE mfa_factors; Type: ACL; Schema: auth; Owner: supabase_auth_admin
--

GRANT INSERT,REFERENCES,DELETE,TRIGGER,TRUNCATE,MAINTAIN,UPDATE ON TABLE auth.mfa_factors TO postgres;
GRANT SELECT ON TABLE auth.mfa_factors TO postgres WITH GRANT OPTION;
GRANT ALL ON TABLE auth.mfa_factors TO dashboard_user;


--
-- TOC entry 4446 (class 0 OID 0)
-- Dependencies: 361
-- Name: TABLE oauth_authorizations; Type: ACL; Schema: auth; Owner: supabase_auth_admin
--

GRANT ALL ON TABLE auth.oauth_authorizations TO postgres;
GRANT ALL ON TABLE auth.oauth_authorizations TO dashboard_user;


--
-- TOC entry 4448 (class 0 OID 0)
-- Dependencies: 363
-- Name: TABLE oauth_client_states; Type: ACL; Schema: auth; Owner: supabase_auth_admin
--

GRANT ALL ON TABLE auth.oauth_client_states TO postgres;
GRANT ALL ON TABLE auth.oauth_client_states TO dashboard_user;


--
-- TOC entry 4449 (class 0 OID 0)
-- Dependencies: 360
-- Name: TABLE oauth_clients; Type: ACL; Schema: auth; Owner: supabase_auth_admin
--

GRANT ALL ON TABLE auth.oauth_clients TO postgres;
GRANT ALL ON TABLE auth.oauth_clients TO dashboard_user;


--
-- TOC entry 4450 (class 0 OID 0)
-- Dependencies: 362
-- Name: TABLE oauth_consents; Type: ACL; Schema: auth; Owner: supabase_auth_admin
--

GRANT ALL ON TABLE auth.oauth_consents TO postgres;
GRANT ALL ON TABLE auth.oauth_consents TO dashboard_user;


--
-- TOC entry 4451 (class 0 OID 0)
-- Dependencies: 359
-- Name: TABLE one_time_tokens; Type: ACL; Schema: auth; Owner: supabase_auth_admin
--

GRANT INSERT,REFERENCES,DELETE,TRIGGER,TRUNCATE,MAINTAIN,UPDATE ON TABLE auth.one_time_tokens TO postgres;
GRANT SELECT ON TABLE auth.one_time_tokens TO postgres WITH GRANT OPTION;
GRANT ALL ON TABLE auth.one_time_tokens TO dashboard_user;


--
-- TOC entry 4453 (class 0 OID 0)
-- Dependencies: 342
-- Name: TABLE refresh_tokens; Type: ACL; Schema: auth; Owner: supabase_auth_admin
--

GRANT ALL ON TABLE auth.refresh_tokens TO dashboard_user;
GRANT INSERT,REFERENCES,DELETE,TRIGGER,TRUNCATE,MAINTAIN,UPDATE ON TABLE auth.refresh_tokens TO postgres;
GRANT SELECT ON TABLE auth.refresh_tokens TO postgres WITH GRANT OPTION;


--
-- TOC entry 4455 (class 0 OID 0)
-- Dependencies: 341
-- Name: SEQUENCE refresh_tokens_id_seq; Type: ACL; Schema: auth; Owner: supabase_auth_admin
--

GRANT ALL ON SEQUENCE auth.refresh_tokens_id_seq TO dashboard_user;
GRANT ALL ON SEQUENCE auth.refresh_tokens_id_seq TO postgres;


--
-- TOC entry 4457 (class 0 OID 0)
-- Dependencies: 356
-- Name: TABLE saml_providers; Type: ACL; Schema: auth; Owner: supabase_auth_admin
--

GRANT INSERT,REFERENCES,DELETE,TRIGGER,TRUNCATE,MAINTAIN,UPDATE ON TABLE auth.saml_providers TO postgres;
GRANT SELECT ON TABLE auth.saml_providers TO postgres WITH GRANT OPTION;
GRANT ALL ON TABLE auth.saml_providers TO dashboard_user;


--
-- TOC entry 4459 (class 0 OID 0)
-- Dependencies: 357
-- Name: TABLE saml_relay_states; Type: ACL; Schema: auth; Owner: supabase_auth_admin
--

GRANT INSERT,REFERENCES,DELETE,TRIGGER,TRUNCATE,MAINTAIN,UPDATE ON TABLE auth.saml_relay_states TO postgres;
GRANT SELECT ON TABLE auth.saml_relay_states TO postgres WITH GRANT OPTION;
GRANT ALL ON TABLE auth.saml_relay_states TO dashboard_user;


--
-- TOC entry 4461 (class 0 OID 0)
-- Dependencies: 345
-- Name: TABLE schema_migrations; Type: ACL; Schema: auth; Owner: supabase_auth_admin
--

GRANT SELECT ON TABLE auth.schema_migrations TO postgres WITH GRANT OPTION;


--
-- TOC entry 4466 (class 0 OID 0)
-- Dependencies: 350
-- Name: TABLE sessions; Type: ACL; Schema: auth; Owner: supabase_auth_admin
--

GRANT INSERT,REFERENCES,DELETE,TRIGGER,TRUNCATE,MAINTAIN,UPDATE ON TABLE auth.sessions TO postgres;
GRANT SELECT ON TABLE auth.sessions TO postgres WITH GRANT OPTION;
GRANT ALL ON TABLE auth.sessions TO dashboard_user;


--
-- TOC entry 4468 (class 0 OID 0)
-- Dependencies: 355
-- Name: TABLE sso_domains; Type: ACL; Schema: auth; Owner: supabase_auth_admin
--

GRANT INSERT,REFERENCES,DELETE,TRIGGER,TRUNCATE,MAINTAIN,UPDATE ON TABLE auth.sso_domains TO postgres;
GRANT SELECT ON TABLE auth.sso_domains TO postgres WITH GRANT OPTION;
GRANT ALL ON TABLE auth.sso_domains TO dashboard_user;


--
-- TOC entry 4471 (class 0 OID 0)
-- Dependencies: 354
-- Name: TABLE sso_providers; Type: ACL; Schema: auth; Owner: supabase_auth_admin
--

GRANT INSERT,REFERENCES,DELETE,TRIGGER,TRUNCATE,MAINTAIN,UPDATE ON TABLE auth.sso_providers TO postgres;
GRANT SELECT ON TABLE auth.sso_providers TO postgres WITH GRANT OPTION;
GRANT ALL ON TABLE auth.sso_providers TO dashboard_user;


--
-- TOC entry 4474 (class 0 OID 0)
-- Dependencies: 340
-- Name: TABLE users; Type: ACL; Schema: auth; Owner: supabase_auth_admin
--

GRANT ALL ON TABLE auth.users TO dashboard_user;
GRANT INSERT,REFERENCES,DELETE,TRIGGER,TRUNCATE,MAINTAIN,UPDATE ON TABLE auth.users TO postgres;
GRANT SELECT ON TABLE auth.users TO postgres WITH GRANT OPTION;


--
-- TOC entry 4475 (class 0 OID 0)
-- Dependencies: 366
-- Name: TABLE webauthn_challenges; Type: ACL; Schema: auth; Owner: supabase_auth_admin
--

GRANT ALL ON TABLE auth.webauthn_challenges TO postgres;
GRANT ALL ON TABLE auth.webauthn_challenges TO dashboard_user;


--
-- TOC entry 4476 (class 0 OID 0)
-- Dependencies: 365
-- Name: TABLE webauthn_credentials; Type: ACL; Schema: auth; Owner: supabase_auth_admin
--

GRANT ALL ON TABLE auth.webauthn_credentials TO postgres;
GRANT ALL ON TABLE auth.webauthn_credentials TO dashboard_user;


--
-- TOC entry 4477 (class 0 OID 0)
-- Dependencies: 339
-- Name: TABLE pg_stat_statements; Type: ACL; Schema: extensions; Owner: postgres
--

REVOKE ALL ON TABLE extensions.pg_stat_statements FROM postgres;
GRANT ALL ON TABLE extensions.pg_stat_statements TO postgres WITH GRANT OPTION;
GRANT ALL ON TABLE extensions.pg_stat_statements TO dashboard_user;


--
-- TOC entry 4478 (class 0 OID 0)
-- Dependencies: 338
-- Name: TABLE pg_stat_statements_info; Type: ACL; Schema: extensions; Owner: postgres
--

REVOKE ALL ON TABLE extensions.pg_stat_statements_info FROM postgres;
GRANT ALL ON TABLE extensions.pg_stat_statements_info TO postgres WITH GRANT OPTION;
GRANT ALL ON TABLE extensions.pg_stat_statements_info TO dashboard_user;


--
-- TOC entry 4479 (class 0 OID 0)
-- Dependencies: 385
-- Name: TABLE candidates; Type: ACL; Schema: public; Owner: postgres
--

GRANT ALL ON TABLE public.candidates TO anon;
GRANT ALL ON TABLE public.candidates TO authenticated;
GRANT ALL ON TABLE public.candidates TO service_role;


--
-- TOC entry 4480 (class 0 OID 0)
-- Dependencies: 382
-- Name: TABLE companies; Type: ACL; Schema: public; Owner: postgres
--

GRANT ALL ON TABLE public.companies TO anon;
GRANT ALL ON TABLE public.companies TO authenticated;
GRANT ALL ON TABLE public.companies TO service_role;


--
-- TOC entry 4481 (class 0 OID 0)
-- Dependencies: 384
-- Name: TABLE jobs; Type: ACL; Schema: public; Owner: postgres
--

GRANT ALL ON TABLE public.jobs TO anon;
GRANT ALL ON TABLE public.jobs TO authenticated;
GRANT ALL ON TABLE public.jobs TO service_role;


--
-- TOC entry 4482 (class 0 OID 0)
-- Dependencies: 386
-- Name: TABLE notes; Type: ACL; Schema: public; Owner: postgres
--

GRANT ALL ON TABLE public.notes TO anon;
GRANT ALL ON TABLE public.notes TO authenticated;
GRANT ALL ON TABLE public.notes TO service_role;


--
-- TOC entry 4483 (class 0 OID 0)
-- Dependencies: 383
-- Name: TABLE profiles; Type: ACL; Schema: public; Owner: postgres
--

GRANT ALL ON TABLE public.profiles TO anon;
GRANT ALL ON TABLE public.profiles TO authenticated;
GRANT ALL ON TABLE public.profiles TO service_role;


--
-- TOC entry 4484 (class 0 OID 0)
-- Dependencies: 373
-- Name: TABLE messages; Type: ACL; Schema: realtime; Owner: supabase_realtime_admin
--

GRANT ALL ON TABLE realtime.messages TO postgres;
GRANT ALL ON TABLE realtime.messages TO dashboard_user;
GRANT SELECT,INSERT,UPDATE ON TABLE realtime.messages TO anon;
GRANT SELECT,INSERT,UPDATE ON TABLE realtime.messages TO authenticated;
GRANT SELECT,INSERT,UPDATE ON TABLE realtime.messages TO service_role;


--
-- TOC entry 4485 (class 0 OID 0)
-- Dependencies: 367
-- Name: TABLE schema_migrations; Type: ACL; Schema: realtime; Owner: supabase_admin
--

GRANT ALL ON TABLE realtime.schema_migrations TO postgres;
GRANT ALL ON TABLE realtime.schema_migrations TO dashboard_user;
GRANT SELECT ON TABLE realtime.schema_migrations TO anon;
GRANT SELECT ON TABLE realtime.schema_migrations TO authenticated;
GRANT SELECT ON TABLE realtime.schema_migrations TO service_role;
GRANT ALL ON TABLE realtime.schema_migrations TO supabase_realtime_admin;


--
-- TOC entry 4486 (class 0 OID 0)
-- Dependencies: 370
-- Name: TABLE subscription; Type: ACL; Schema: realtime; Owner: supabase_admin
--

GRANT ALL ON TABLE realtime.subscription TO postgres;
GRANT ALL ON TABLE realtime.subscription TO dashboard_user;
GRANT SELECT ON TABLE realtime.subscription TO anon;
GRANT SELECT ON TABLE realtime.subscription TO authenticated;
GRANT SELECT ON TABLE realtime.subscription TO service_role;
GRANT ALL ON TABLE realtime.subscription TO supabase_realtime_admin;


--
-- TOC entry 4487 (class 0 OID 0)
-- Dependencies: 369
-- Name: SEQUENCE subscription_id_seq; Type: ACL; Schema: realtime; Owner: supabase_admin
--

GRANT ALL ON SEQUENCE realtime.subscription_id_seq TO postgres;
GRANT ALL ON SEQUENCE realtime.subscription_id_seq TO dashboard_user;
GRANT USAGE ON SEQUENCE realtime.subscription_id_seq TO anon;
GRANT USAGE ON SEQUENCE realtime.subscription_id_seq TO authenticated;
GRANT USAGE ON SEQUENCE realtime.subscription_id_seq TO service_role;
GRANT ALL ON SEQUENCE realtime.subscription_id_seq TO supabase_realtime_admin;


--
-- TOC entry 4489 (class 0 OID 0)
-- Dependencies: 375
-- Name: TABLE buckets; Type: ACL; Schema: storage; Owner: supabase_storage_admin
--

REVOKE ALL ON TABLE storage.buckets FROM supabase_storage_admin;
GRANT ALL ON TABLE storage.buckets TO supabase_storage_admin WITH GRANT OPTION;
GRANT ALL ON TABLE storage.buckets TO service_role;
GRANT ALL ON TABLE storage.buckets TO authenticated;
GRANT ALL ON TABLE storage.buckets TO anon;
GRANT ALL ON TABLE storage.buckets TO postgres WITH GRANT OPTION;


--
-- TOC entry 4490 (class 0 OID 0)
-- Dependencies: 379
-- Name: TABLE buckets_analytics; Type: ACL; Schema: storage; Owner: supabase_storage_admin
--

GRANT ALL ON TABLE storage.buckets_analytics TO service_role;
GRANT ALL ON TABLE storage.buckets_analytics TO authenticated;
GRANT ALL ON TABLE storage.buckets_analytics TO anon;


--
-- TOC entry 4491 (class 0 OID 0)
-- Dependencies: 380
-- Name: TABLE buckets_vectors; Type: ACL; Schema: storage; Owner: supabase_storage_admin
--

GRANT SELECT ON TABLE storage.buckets_vectors TO service_role;
GRANT SELECT ON TABLE storage.buckets_vectors TO authenticated;
GRANT SELECT ON TABLE storage.buckets_vectors TO anon;


--
-- TOC entry 4493 (class 0 OID 0)
-- Dependencies: 376
-- Name: TABLE objects; Type: ACL; Schema: storage; Owner: supabase_storage_admin
--

REVOKE ALL ON TABLE storage.objects FROM supabase_storage_admin;
GRANT ALL ON TABLE storage.objects TO supabase_storage_admin WITH GRANT OPTION;
GRANT ALL ON TABLE storage.objects TO service_role;
GRANT ALL ON TABLE storage.objects TO authenticated;
GRANT ALL ON TABLE storage.objects TO anon;
GRANT ALL ON TABLE storage.objects TO postgres WITH GRANT OPTION;


--
-- TOC entry 4494 (class 0 OID 0)
-- Dependencies: 377
-- Name: TABLE s3_multipart_uploads; Type: ACL; Schema: storage; Owner: supabase_storage_admin
--

GRANT ALL ON TABLE storage.s3_multipart_uploads TO service_role;
GRANT SELECT ON TABLE storage.s3_multipart_uploads TO authenticated;
GRANT SELECT ON TABLE storage.s3_multipart_uploads TO anon;


--
-- TOC entry 4495 (class 0 OID 0)
-- Dependencies: 378
-- Name: TABLE s3_multipart_uploads_parts; Type: ACL; Schema: storage; Owner: supabase_storage_admin
--

GRANT ALL ON TABLE storage.s3_multipart_uploads_parts TO service_role;
GRANT SELECT ON TABLE storage.s3_multipart_uploads_parts TO authenticated;
GRANT SELECT ON TABLE storage.s3_multipart_uploads_parts TO anon;


--
-- TOC entry 4496 (class 0 OID 0)
-- Dependencies: 381
-- Name: TABLE vector_indexes; Type: ACL; Schema: storage; Owner: supabase_storage_admin
--

GRANT SELECT ON TABLE storage.vector_indexes TO service_role;
GRANT SELECT ON TABLE storage.vector_indexes TO authenticated;
GRANT SELECT ON TABLE storage.vector_indexes TO anon;


--
-- TOC entry 4497 (class 0 OID 0)
-- Dependencies: 346
-- Name: TABLE secrets; Type: ACL; Schema: vault; Owner: supabase_admin
--

GRANT SELECT,REFERENCES,DELETE,TRUNCATE ON TABLE vault.secrets TO postgres WITH GRANT OPTION;
GRANT SELECT,DELETE ON TABLE vault.secrets TO service_role;


--
-- TOC entry 4498 (class 0 OID 0)
-- Dependencies: 347
-- Name: TABLE decrypted_secrets; Type: ACL; Schema: vault; Owner: supabase_admin
--

GRANT SELECT,REFERENCES,DELETE,TRUNCATE ON TABLE vault.decrypted_secrets TO postgres WITH GRANT OPTION;
GRANT SELECT,DELETE ON TABLE vault.decrypted_secrets TO service_role;


--
-- TOC entry 2494 (class 826 OID 16557)
-- Name: DEFAULT PRIVILEGES FOR SEQUENCES; Type: DEFAULT ACL; Schema: auth; Owner: supabase_auth_admin
--

ALTER DEFAULT PRIVILEGES FOR ROLE supabase_auth_admin IN SCHEMA auth GRANT ALL ON SEQUENCES TO postgres;
ALTER DEFAULT PRIVILEGES FOR ROLE supabase_auth_admin IN SCHEMA auth GRANT ALL ON SEQUENCES TO dashboard_user;


--
-- TOC entry 2495 (class 826 OID 16558)
-- Name: DEFAULT PRIVILEGES FOR FUNCTIONS; Type: DEFAULT ACL; Schema: auth; Owner: supabase_auth_admin
--

ALTER DEFAULT PRIVILEGES FOR ROLE supabase_auth_admin IN SCHEMA auth GRANT ALL ON FUNCTIONS TO postgres;
ALTER DEFAULT PRIVILEGES FOR ROLE supabase_auth_admin IN SCHEMA auth GRANT ALL ON FUNCTIONS TO dashboard_user;


--
-- TOC entry 2493 (class 826 OID 16556)
-- Name: DEFAULT PRIVILEGES FOR TABLES; Type: DEFAULT ACL; Schema: auth; Owner: supabase_auth_admin
--

ALTER DEFAULT PRIVILEGES FOR ROLE supabase_auth_admin IN SCHEMA auth GRANT ALL ON TABLES TO postgres;
ALTER DEFAULT PRIVILEGES FOR ROLE supabase_auth_admin IN SCHEMA auth GRANT ALL ON TABLES TO dashboard_user;


--
-- TOC entry 2504 (class 826 OID 16636)
-- Name: DEFAULT PRIVILEGES FOR SEQUENCES; Type: DEFAULT ACL; Schema: extensions; Owner: supabase_admin
--

ALTER DEFAULT PRIVILEGES FOR ROLE supabase_admin IN SCHEMA extensions GRANT ALL ON SEQUENCES TO postgres WITH GRANT OPTION;


--
-- TOC entry 2503 (class 826 OID 16635)
-- Name: DEFAULT PRIVILEGES FOR FUNCTIONS; Type: DEFAULT ACL; Schema: extensions; Owner: supabase_admin
--

ALTER DEFAULT PRIVILEGES FOR ROLE supabase_admin IN SCHEMA extensions GRANT ALL ON FUNCTIONS TO postgres WITH GRANT OPTION;


--
-- TOC entry 2502 (class 826 OID 16634)
-- Name: DEFAULT PRIVILEGES FOR TABLES; Type: DEFAULT ACL; Schema: extensions; Owner: supabase_admin
--

ALTER DEFAULT PRIVILEGES FOR ROLE supabase_admin IN SCHEMA extensions GRANT ALL ON TABLES TO postgres WITH GRANT OPTION;


--
-- TOC entry 2507 (class 826 OID 16591)
-- Name: DEFAULT PRIVILEGES FOR SEQUENCES; Type: DEFAULT ACL; Schema: graphql; Owner: supabase_admin
--

ALTER DEFAULT PRIVILEGES FOR ROLE supabase_admin IN SCHEMA graphql GRANT ALL ON SEQUENCES TO postgres;
ALTER DEFAULT PRIVILEGES FOR ROLE supabase_admin IN SCHEMA graphql GRANT ALL ON SEQUENCES TO anon;
ALTER DEFAULT PRIVILEGES FOR ROLE supabase_admin IN SCHEMA graphql GRANT ALL ON SEQUENCES TO authenticated;
ALTER DEFAULT PRIVILEGES FOR ROLE supabase_admin IN SCHEMA graphql GRANT ALL ON SEQUENCES TO service_role;


--
-- TOC entry 2506 (class 826 OID 16590)
-- Name: DEFAULT PRIVILEGES FOR FUNCTIONS; Type: DEFAULT ACL; Schema: graphql; Owner: supabase_admin
--

ALTER DEFAULT PRIVILEGES FOR ROLE supabase_admin IN SCHEMA graphql GRANT ALL ON FUNCTIONS TO postgres;
ALTER DEFAULT PRIVILEGES FOR ROLE supabase_admin IN SCHEMA graphql GRANT ALL ON FUNCTIONS TO anon;
ALTER DEFAULT PRIVILEGES FOR ROLE supabase_admin IN SCHEMA graphql GRANT ALL ON FUNCTIONS TO authenticated;
ALTER DEFAULT PRIVILEGES FOR ROLE supabase_admin IN SCHEMA graphql GRANT ALL ON FUNCTIONS TO service_role;


--
-- TOC entry 2505 (class 826 OID 16589)
-- Name: DEFAULT PRIVILEGES FOR TABLES; Type: DEFAULT ACL; Schema: graphql; Owner: supabase_admin
--

ALTER DEFAULT PRIVILEGES FOR ROLE supabase_admin IN SCHEMA graphql GRANT ALL ON TABLES TO postgres;
ALTER DEFAULT PRIVILEGES FOR ROLE supabase_admin IN SCHEMA graphql GRANT ALL ON TABLES TO anon;
ALTER DEFAULT PRIVILEGES FOR ROLE supabase_admin IN SCHEMA graphql GRANT ALL ON TABLES TO authenticated;
ALTER DEFAULT PRIVILEGES FOR ROLE supabase_admin IN SCHEMA graphql GRANT ALL ON TABLES TO service_role;


--
-- TOC entry 2499 (class 826 OID 16571)
-- Name: DEFAULT PRIVILEGES FOR SEQUENCES; Type: DEFAULT ACL; Schema: graphql_public; Owner: supabase_admin
--

ALTER DEFAULT PRIVILEGES FOR ROLE supabase_admin IN SCHEMA graphql_public GRANT ALL ON SEQUENCES TO postgres;
ALTER DEFAULT PRIVILEGES FOR ROLE supabase_admin IN SCHEMA graphql_public GRANT ALL ON SEQUENCES TO anon;
ALTER DEFAULT PRIVILEGES FOR ROLE supabase_admin IN SCHEMA graphql_public GRANT ALL ON SEQUENCES TO authenticated;
ALTER DEFAULT PRIVILEGES FOR ROLE supabase_admin IN SCHEMA graphql_public GRANT ALL ON SEQUENCES TO service_role;


--
-- TOC entry 2501 (class 826 OID 16570)
-- Name: DEFAULT PRIVILEGES FOR FUNCTIONS; Type: DEFAULT ACL; Schema: graphql_public; Owner: supabase_admin
--

ALTER DEFAULT PRIVILEGES FOR ROLE supabase_admin IN SCHEMA graphql_public GRANT ALL ON FUNCTIONS TO postgres;
ALTER DEFAULT PRIVILEGES FOR ROLE supabase_admin IN SCHEMA graphql_public GRANT ALL ON FUNCTIONS TO anon;
ALTER DEFAULT PRIVILEGES FOR ROLE supabase_admin IN SCHEMA graphql_public GRANT ALL ON FUNCTIONS TO authenticated;
ALTER DEFAULT PRIVILEGES FOR ROLE supabase_admin IN SCHEMA graphql_public GRANT ALL ON FUNCTIONS TO service_role;


--
-- TOC entry 2500 (class 826 OID 16569)
-- Name: DEFAULT PRIVILEGES FOR TABLES; Type: DEFAULT ACL; Schema: graphql_public; Owner: supabase_admin
--

ALTER DEFAULT PRIVILEGES FOR ROLE supabase_admin IN SCHEMA graphql_public GRANT ALL ON TABLES TO postgres;
ALTER DEFAULT PRIVILEGES FOR ROLE supabase_admin IN SCHEMA graphql_public GRANT ALL ON TABLES TO anon;
ALTER DEFAULT PRIVILEGES FOR ROLE supabase_admin IN SCHEMA graphql_public GRANT ALL ON TABLES TO authenticated;
ALTER DEFAULT PRIVILEGES FOR ROLE supabase_admin IN SCHEMA graphql_public GRANT ALL ON TABLES TO service_role;


--
-- TOC entry 2486 (class 826 OID 16494)
-- Name: DEFAULT PRIVILEGES FOR SEQUENCES; Type: DEFAULT ACL; Schema: public; Owner: postgres
--

ALTER DEFAULT PRIVILEGES FOR ROLE postgres IN SCHEMA public GRANT ALL ON SEQUENCES TO postgres;
ALTER DEFAULT PRIVILEGES FOR ROLE postgres IN SCHEMA public GRANT ALL ON SEQUENCES TO anon;
ALTER DEFAULT PRIVILEGES FOR ROLE postgres IN SCHEMA public GRANT ALL ON SEQUENCES TO authenticated;
ALTER DEFAULT PRIVILEGES FOR ROLE postgres IN SCHEMA public GRANT ALL ON SEQUENCES TO service_role;


--
-- TOC entry 2487 (class 826 OID 16495)
-- Name: DEFAULT PRIVILEGES FOR SEQUENCES; Type: DEFAULT ACL; Schema: public; Owner: supabase_admin
--

ALTER DEFAULT PRIVILEGES FOR ROLE supabase_admin IN SCHEMA public GRANT ALL ON SEQUENCES TO postgres;
ALTER DEFAULT PRIVILEGES FOR ROLE supabase_admin IN SCHEMA public GRANT ALL ON SEQUENCES TO anon;
ALTER DEFAULT PRIVILEGES FOR ROLE supabase_admin IN SCHEMA public GRANT ALL ON SEQUENCES TO authenticated;
ALTER DEFAULT PRIVILEGES FOR ROLE supabase_admin IN SCHEMA public GRANT ALL ON SEQUENCES TO service_role;


--
-- TOC entry 2485 (class 826 OID 16493)
-- Name: DEFAULT PRIVILEGES FOR FUNCTIONS; Type: DEFAULT ACL; Schema: public; Owner: postgres
--

ALTER DEFAULT PRIVILEGES FOR ROLE postgres IN SCHEMA public GRANT ALL ON FUNCTIONS TO postgres;
ALTER DEFAULT PRIVILEGES FOR ROLE postgres IN SCHEMA public GRANT ALL ON FUNCTIONS TO anon;
ALTER DEFAULT PRIVILEGES FOR ROLE postgres IN SCHEMA public GRANT ALL ON FUNCTIONS TO authenticated;
ALTER DEFAULT PRIVILEGES FOR ROLE postgres IN SCHEMA public GRANT ALL ON FUNCTIONS TO service_role;


--
-- TOC entry 2489 (class 826 OID 16497)
-- Name: DEFAULT PRIVILEGES FOR FUNCTIONS; Type: DEFAULT ACL; Schema: public; Owner: supabase_admin
--

ALTER DEFAULT PRIVILEGES FOR ROLE supabase_admin IN SCHEMA public GRANT ALL ON FUNCTIONS TO postgres;
ALTER DEFAULT PRIVILEGES FOR ROLE supabase_admin IN SCHEMA public GRANT ALL ON FUNCTIONS TO anon;
ALTER DEFAULT PRIVILEGES FOR ROLE supabase_admin IN SCHEMA public GRANT ALL ON FUNCTIONS TO authenticated;
ALTER DEFAULT PRIVILEGES FOR ROLE supabase_admin IN SCHEMA public GRANT ALL ON FUNCTIONS TO service_role;


--
-- TOC entry 2484 (class 826 OID 16492)
-- Name: DEFAULT PRIVILEGES FOR TABLES; Type: DEFAULT ACL; Schema: public; Owner: postgres
--

ALTER DEFAULT PRIVILEGES FOR ROLE postgres IN SCHEMA public GRANT ALL ON TABLES TO postgres;
ALTER DEFAULT PRIVILEGES FOR ROLE postgres IN SCHEMA public GRANT ALL ON TABLES TO anon;
ALTER DEFAULT PRIVILEGES FOR ROLE postgres IN SCHEMA public GRANT ALL ON TABLES TO authenticated;
ALTER DEFAULT PRIVILEGES FOR ROLE postgres IN SCHEMA public GRANT ALL ON TABLES TO service_role;


--
-- TOC entry 2488 (class 826 OID 16496)
-- Name: DEFAULT PRIVILEGES FOR TABLES; Type: DEFAULT ACL; Schema: public; Owner: supabase_admin
--

ALTER DEFAULT PRIVILEGES FOR ROLE supabase_admin IN SCHEMA public GRANT ALL ON TABLES TO postgres;
ALTER DEFAULT PRIVILEGES FOR ROLE supabase_admin IN SCHEMA public GRANT ALL ON TABLES TO anon;
ALTER DEFAULT PRIVILEGES FOR ROLE supabase_admin IN SCHEMA public GRANT ALL ON TABLES TO authenticated;
ALTER DEFAULT PRIVILEGES FOR ROLE supabase_admin IN SCHEMA public GRANT ALL ON TABLES TO service_role;


--
-- TOC entry 2497 (class 826 OID 16561)
-- Name: DEFAULT PRIVILEGES FOR SEQUENCES; Type: DEFAULT ACL; Schema: realtime; Owner: supabase_admin
--

ALTER DEFAULT PRIVILEGES FOR ROLE supabase_admin IN SCHEMA realtime GRANT ALL ON SEQUENCES TO postgres;
ALTER DEFAULT PRIVILEGES FOR ROLE supabase_admin IN SCHEMA realtime GRANT ALL ON SEQUENCES TO dashboard_user;


--
-- TOC entry 2498 (class 826 OID 16562)
-- Name: DEFAULT PRIVILEGES FOR FUNCTIONS; Type: DEFAULT ACL; Schema: realtime; Owner: supabase_admin
--

ALTER DEFAULT PRIVILEGES FOR ROLE supabase_admin IN SCHEMA realtime GRANT ALL ON FUNCTIONS TO postgres;
ALTER DEFAULT PRIVILEGES FOR ROLE supabase_admin IN SCHEMA realtime GRANT ALL ON FUNCTIONS TO dashboard_user;


--
-- TOC entry 2496 (class 826 OID 16560)
-- Name: DEFAULT PRIVILEGES FOR TABLES; Type: DEFAULT ACL; Schema: realtime; Owner: supabase_admin
--

ALTER DEFAULT PRIVILEGES FOR ROLE supabase_admin IN SCHEMA realtime GRANT ALL ON TABLES TO postgres;
ALTER DEFAULT PRIVILEGES FOR ROLE supabase_admin IN SCHEMA realtime GRANT ALL ON TABLES TO dashboard_user;


--
-- TOC entry 2492 (class 826 OID 16550)
-- Name: DEFAULT PRIVILEGES FOR SEQUENCES; Type: DEFAULT ACL; Schema: storage; Owner: postgres
--

ALTER DEFAULT PRIVILEGES FOR ROLE postgres IN SCHEMA storage GRANT ALL ON SEQUENCES TO postgres;
ALTER DEFAULT PRIVILEGES FOR ROLE postgres IN SCHEMA storage GRANT ALL ON SEQUENCES TO anon;
ALTER DEFAULT PRIVILEGES FOR ROLE postgres IN SCHEMA storage GRANT ALL ON SEQUENCES TO authenticated;
ALTER DEFAULT PRIVILEGES FOR ROLE postgres IN SCHEMA storage GRANT ALL ON SEQUENCES TO service_role;


--
-- TOC entry 2491 (class 826 OID 16549)
-- Name: DEFAULT PRIVILEGES FOR FUNCTIONS; Type: DEFAULT ACL; Schema: storage; Owner: postgres
--

ALTER DEFAULT PRIVILEGES FOR ROLE postgres IN SCHEMA storage GRANT ALL ON FUNCTIONS TO postgres;
ALTER DEFAULT PRIVILEGES FOR ROLE postgres IN SCHEMA storage GRANT ALL ON FUNCTIONS TO anon;
ALTER DEFAULT PRIVILEGES FOR ROLE postgres IN SCHEMA storage GRANT ALL ON FUNCTIONS TO authenticated;
ALTER DEFAULT PRIVILEGES FOR ROLE postgres IN SCHEMA storage GRANT ALL ON FUNCTIONS TO service_role;


--
-- TOC entry 2490 (class 826 OID 16548)
-- Name: DEFAULT PRIVILEGES FOR TABLES; Type: DEFAULT ACL; Schema: storage; Owner: postgres
--

ALTER DEFAULT PRIVILEGES FOR ROLE postgres IN SCHEMA storage GRANT ALL ON TABLES TO postgres;
ALTER DEFAULT PRIVILEGES FOR ROLE postgres IN SCHEMA storage GRANT ALL ON TABLES TO anon;
ALTER DEFAULT PRIVILEGES FOR ROLE postgres IN SCHEMA storage GRANT ALL ON TABLES TO authenticated;
ALTER DEFAULT PRIVILEGES FOR ROLE postgres IN SCHEMA storage GRANT ALL ON TABLES TO service_role;


--
-- TOC entry 3728 (class 3466 OID 17171)
-- Name: ensure_rls; Type: EVENT TRIGGER; Schema: -; Owner: postgres
--

CREATE EVENT TRIGGER ensure_rls ON ddl_command_end
         WHEN TAG IN ('CREATE TABLE', 'CREATE TABLE AS', 'SELECT INTO')
   EXECUTE FUNCTION public.rls_auto_enable();


ALTER EVENT TRIGGER ensure_rls OWNER TO postgres;

--
-- TOC entry 3721 (class 3466 OID 16575)
-- Name: issue_graphql_placeholder; Type: EVENT TRIGGER; Schema: -; Owner: supabase_admin
--

CREATE EVENT TRIGGER issue_graphql_placeholder ON sql_drop
         WHEN TAG IN ('DROP EXTENSION')
   EXECUTE FUNCTION extensions.set_graphql_placeholder();


ALTER EVENT TRIGGER issue_graphql_placeholder OWNER TO supabase_admin;

--
-- TOC entry 3726 (class 3466 OID 16654)
-- Name: issue_pg_cron_access; Type: EVENT TRIGGER; Schema: -; Owner: supabase_admin
--

CREATE EVENT TRIGGER issue_pg_cron_access ON ddl_command_end
         WHEN TAG IN ('CREATE EXTENSION')
   EXECUTE FUNCTION extensions.grant_pg_cron_access();


ALTER EVENT TRIGGER issue_pg_cron_access OWNER TO supabase_admin;

--
-- TOC entry 3720 (class 3466 OID 16573)
-- Name: issue_pg_graphql_access; Type: EVENT TRIGGER; Schema: -; Owner: supabase_admin
--

CREATE EVENT TRIGGER issue_pg_graphql_access ON ddl_command_end
         WHEN TAG IN ('CREATE FUNCTION')
   EXECUTE FUNCTION extensions.grant_pg_graphql_access();


ALTER EVENT TRIGGER issue_pg_graphql_access OWNER TO supabase_admin;

--
-- TOC entry 3727 (class 3466 OID 16657)
-- Name: issue_pg_net_access; Type: EVENT TRIGGER; Schema: -; Owner: supabase_admin
--

CREATE EVENT TRIGGER issue_pg_net_access ON ddl_command_end
         WHEN TAG IN ('CREATE EXTENSION')
   EXECUTE FUNCTION extensions.grant_pg_net_access();


ALTER EVENT TRIGGER issue_pg_net_access OWNER TO supabase_admin;

--
-- TOC entry 3722 (class 3466 OID 16576)
-- Name: pgrst_ddl_watch; Type: EVENT TRIGGER; Schema: -; Owner: supabase_admin
--

CREATE EVENT TRIGGER pgrst_ddl_watch ON ddl_command_end
   EXECUTE FUNCTION extensions.pgrst_ddl_watch();


ALTER EVENT TRIGGER pgrst_ddl_watch OWNER TO supabase_admin;

--
-- TOC entry 3723 (class 3466 OID 16577)
-- Name: pgrst_drop_watch; Type: EVENT TRIGGER; Schema: -; Owner: supabase_admin
--

CREATE EVENT TRIGGER pgrst_drop_watch ON sql_drop
   EXECUTE FUNCTION extensions.pgrst_drop_watch();


ALTER EVENT TRIGGER pgrst_drop_watch OWNER TO supabase_admin;

-- Completed on 2026-04-21 10:28:52

--
-- PostgreSQL database dump complete
--

\unrestrict aEybaIUDXbmuU4Bj1mNZUXQBlCGUvs8inXukbehd94IrPTcPcQ1kOGgYjKtsxnd

